"","avg_bed","tract_homevalue_2020","tract_medage_2020","tract_medincome_2020","tract_medincome_2010","foreclosure_pc_2010","pct_built_2020_later","pct_built_2010_2019","pct_built_2000_2009","pct_built_1990_1999","pct_built_1980_1989","pct_built_1970_1979","pct_built_pre_1960","pct_0_bd","pct_1_bd","pct_2_bd","pct_3_bd","pct_4_more_bd","poverty_2010","poverty_2020","nhwhite_2010","nhwhite_2020","mortgaged_2010","mortgaged_2015","mortgaged_2020","ownoccupied_2010","ownoccupied_2015","ownoccupied_2020","mortgage_change_2010_2015","mortgage_change_2015_2020","mortgage_change_2010_2020","ownoccupied_change_2010_2015","ownoccupied_change_2015_2020","ownoccupied_change_2010_2020","poverty_change_2010_2020","nhwhite_change_2010_2020","medincome_change_2010_2015","medincome_change_2015_2020","medincome_change_2010_2020","pop_change_pct","foreclosure_pc_2020"
"1",0.333333333333333,0.45590651816688,0.592334494773519,0.211307521240805,0.175766993385927,0.376501650165016,0,0.117601671512877,0.125092397793825,0.17312297044642,0.173031552202432,0.344966966517853,0.52488461083001,0.141342999578106,0.67522672173835,0.5033582563438,0.382067656723045,0.0798992194341032,0.15457028381822,0.147991323640767,0.452827103275431,0.733618687822692,0.359139857665627,0.324895842346346,0.324067525379169,0.411597332700814,0.362147443712916,0.403544890158935,0.522333253455383,0.464511967043497,0.572067554323279,0.453583859852777,0.58224543281316,0.514621120996669,0.374692197773729,1,0.235400540682712,0.581461505134167,0.378697085496942,0.165872655214804,0.380363284378959
"2",0.666666666666667,0.295599780901954,0.348432055749129,0.227866795917204,0.227476292931708,0.694736842105263,0,0.036366231171426,0.2927332302114,0.0670965142051179,0.757192047618263,0.564499887991564,0.1203589727899,0.0117224027069495,0.228410576053081,0.503152292737092,0.553167825145061,0.202325315625808,0.129780345028653,0.314945860656818,0.371832966609586,0.255291940298507,0.81209411784553,0.66333096892414,0.622219295051101,0.860277810201938,0.736673330001666,0.708620816027037,0.207784375859441,0.334200460116739,0.914542009532798,0.246191194047352,0.394832594026525,0.218888721366463,0.504082615495504,0.360715507998507,0.767712124478276,0.177710378346935,0.308218781857895,0.220002002475294,0.550910251347815
"3",0.333333333333333,0.350739455906518,0.13588850174216,0.134316017562867,0.199705155789306,0.302465753424657,0,0,0.0542599842481621,0.144520968278916,0.151235643882058,0.681403892686239,0.499826440822318,0.260449005536568,0.525698914400999,0.269836653831274,0.378392610283798,0.294811442760333,0.174594612645484,0.464854145939489,0.406806020533979,0.260334321919655,0.392186294253825,0.339520606166085,0.354390925943381,0.487653469444061,0.430096176401595,0.408460247415015,0.476378169999911,0.497259875755635,0.582703100134085,0.428564967307235,0.407904342427617,0.376977404062005,0.572877129989499,0.308387725124449,0.153270480875618,0.405726869540786,0.137885001995311,0.148737552162914,0.260896241809055
"4",1,0.522731422311484,0.508710801393728,0.577014312596225,0.616232369113077,0.287196793925332,0,0.159344029861006,0.0985044753326789,0.086682125696254,0.0521212666157143,0.41330355313923,0.607776294382144,0.0194711095810348,0.0106871503715454,0.0463230200226109,0.402420817928839,0.771423718822901,0.105732688442215,0.0516427661334259,0.87642964089194,0.743996263079223,0.712762561534768,0.747313000806921,0.846850534908169,0.960681731121284,0.965750436300174,0.957794653773693,0.638315197308824,0.633390766777791,0.353860404158504,0.529743249663985,0.454329513557858,0.491007994801951,0.344630694218554,0.28357459987297,0.198640753606874,0.569252776583494,0.331748111211495,0.208805175070719,0.245069455660574
"5",0.666666666666667,0.425780536790214,0.299651567944251,0.240286251924502,0.308749701171408,0.351865671641791,0,0.0904488001655711,0.139129409370456,0.096243003359046,0.459221650282479,0.901518420272618,0.152140090981347,0.21137769536932,0.338723120520087,0.308279608162922,0.321759305389255,0.426971446808086,0.153594757161077,0.212317605412874,0.349250552147506,0.265902763561924,0.491679398769459,0.509312929360812,0.491690409218764,0.524992068740134,0.555266203703704,0.504534893805012,0.625437095573503,0.404852054545585,0.537697123380846,0.624824301048421,0.328894425425326,0.484552666344566,0.41848676132204,0.417101824547368,0.388170632106197,0.285618382910269,0.193874568381712,0.190035779414683,0.31862295712793
"6",0.333333333333333,0.188241738177835,0.226480836236934,0.0865256315219251,0.0751932424894414,0.0571872571872572,0,0,0,0.144391093976163,0.479757942229747,0.503502081308108,0.441938243758264,0.0893964270835886,0.909106397478491,0.633116377302424,0.173633413116153,0.0587995453827296,0.324104430339996,0.473928862595579,0.123312943004175,0.11813977389517,0.10910940263358,0.0433301394655595,0.0705417846088728,0.123889796946608,0.0774606872451951,0.0944105423225284,0.479422282513831,0.560878999282836,0.53194619312161,0.485425762896852,0.509773816267602,0.491986472199543,0.473334299576495,0.567442479252025,0.390750509831156,0.353050374118857,0.271343325730491,0.251844341285989,0.0588049038202171
"7",0.333333333333333,0.419207595398941,0.466898954703833,0.0498431886867765,0.12167503386724,0.247679773290825,0,0.0457234724065541,0.0843459788403125,0.244862158159978,0.75585204820694,0.227192304959744,0.282935674549917,0.0712367822376707,0.948172283881478,0.516669097567173,0.202740385157185,0.102460539381423,0.287740344694153,0.468697481144024,0.267802688972723,0.187777041942605,0.190882915957844,0.205183037332367,0.145246593000469,0.193622083321073,0.235622138992926,0.154433095167149,0.65289942717032,0.3491681537888,0.558817320958968,0.68023019237258,0.239153108034934,0.469603514369955,0.495518772288347,0.430786799629015,0.192557535716613,0.286294688914242,0.0556247695497553,0.291337822063329,0.153472686522659
"8",0.666666666666667,0.356947233887164,0.43205574912892,0.336887723099732,0.262267909793609,0.922796352583587,0,0.0215186037236327,0.345400803185748,0.155778291270294,1,0.21485626695314,0.0789225858606062,0,0.375913907828801,0.593452649231833,0.284073397814839,0.295129827044721,0.291938971057933,0.258290302368644,0.352650654252442,0.241137474541752,0.586854900499188,0.658800944717416,0.587273334360713,0.609609106825346,0.669916605347069,0.663563468270889,0.738463429420142,0.267821442519441,0.554515071371602,0.685695468257293,0.454173268509337,0.618576577991169,0.351557602555654,0.370857067512126,0.509235778822871,0.450003103901654,0.480558097489487,0.24346991781584,0.476095241912595
"9",1,0.491327368997626,0.81184668989547,0.373119689798711,0.591816080962627,0.27565543071161,0,0,0.0641832818549533,0.178252556213904,0.0201479913800428,0.0585015928651523,0.853370614390797,0,0,0.0247874070044971,0.633585475567034,0.59950454985097,0.234338428004256,0.147749810976553,0.872681541024491,1,0.761859691907717,0.77303853868666,0.754352212053994,0.945030850374015,0.968399592252803,0.923661326103849,0.579175611015873,0.370047722688111,0.599964057708758,0.572669060629761,0.352017212568884,0.457393752930904,0.318176747060531,0.707257451338148,0.378585603188391,0.189190615766862,0.0798916218480869,0.157847533281771,0.201982496470029
"10",1,0.438378674456819,0.529616724738676,0.397069054000114,0.425810821579409,0.282333939026852,0,0,0,0,0.00815429864942962,0.132072010846596,0.985247588937069,0,0.00961394021330928,0.0642431525712283,0.528368671915296,0.656479459318576,0.00590990258390378,0.199823408491861,1,0.746947826086957,0.735595491968336,0.647050674401056,0.879071195705022,0.89426308304666,0.899884259259259,0.931393112554901,0.354329484273777,0.937289082825308,0.342340676934579,0.536764998698385,0.563118995176342,0.56986568714364,0.514448902347655,0.0744606297856087,0.507865442639028,0.30970073632802,0.308242314977449,0.260525220455348,0.252045666160511
"11",1,0.490231878765748,0.445993031358885,0.562872783258254,0.609905171726831,0.276,0,0.0178331710979202,0.365775692291669,0.0407767285456644,0,0.0487513273876269,0.776973626054859,0,0,0,0.489817116804087,0.740806537573281,0.0594582371054658,0.215209193635745,0.625076390911739,0.693425509670674,0.866011368127835,0.756985111662531,0.861655626220936,1,0.954871794871795,0.942158880683254,0.292311239867582,0.64349638065368,0.613837612289268,0.412311579071896,0.440922231202112,0.385860051607872,0.486928834293981,0.636303044633785,0.404341901233789,0.386873224196519,0.320086380871184,0.218890526034294,0.229782147104263
"12",1,0.578236260726675,0.515679442508711,0.49611678166163,0.637779902781098,0.534720097889263,0.235373072687225,0.132664652128008,0.529208807700455,0.34534835314366,0.163976839096548,0.162737085145261,0.237658077094967,0,0.0161107614852108,0.0785603728335006,0.259137512908204,0.874016340976693,0.0951398951260482,0.212730152483889,0.271648718905817,0.189612957718488,0.914303083577393,0.908040097014246,0.787032863307135,0.956135154085854,0.952193995381062,0.922501662248745,0.5215351344235,0.128251169304035,0.82851524685483,0.50967290438487,0.393632273587376,0.433786954116009,0.460059679174198,0.4271204687435,0.40629671531864,0.280483239647931,0.200918157099954,0.263436134092121,0.621679188739744
"13",1,0.593573123972978,0.655052264808362,0.462553458402235,0.606064228225357,0.37796451914099,0,0,0.34570989935748,0.463298514717152,0.572998083817093,0.132993208840064,0.150437563784379,0,0.0125641800060405,0.0195493590842428,0.507196303418936,0.705285412262156,0.0614952678530997,0.0440996666292353,0.509658956309973,0.356693333333333,0.864007619114807,0.819107192091063,0.937059182728364,0.913837806098808,0.904278591778592,0.955875334892539,0.439098573695075,0.665078157027689,0.483864596101918,0.500584495858018,0.61908559474488,0.57785667485692,0.370828328575087,0.287360185514711,0.483793563798546,0.224435044934844,0.188370088615436,0.264026225477493,0.436849417028286
"14",0.666666666666667,0.682672996165784,0.411149825783972,0.416165820835947,0.391696549525859,0.252771198484131,0.747743718193384,0.162098080037011,0.102652158494933,0.511205439335049,0.29474910714539,0.167854045474256,0.246473968926674,0.0635783749869288,0.162849872773537,0.301463677417876,0.193457972851986,0.675637763424023,0.159462385707185,0.274723740961211,0.307552176654184,0.288488293751053,0.653821182874908,0.513373361769376,0.569307814855298,0.687381549774314,0.641941180987484,0.633708087135435,0.24524694230953,0.56622976409562,0.70903128833853,0.438745911110978,0.448505463494139,0.412597194204981,0.456160156974354,0.526096003520648,0.261211580626758,0.571810639685437,0.393651394425127,0.20672071777499,0.324152043139636
"15",0.666666666666667,0.455723936461567,0.421602787456446,0.317477333637452,0.125834727866762,0.407786762503744,0,0.0536809393265208,0.0329351769846588,0.235738883609393,0.142445591763549,0.245060493159229,0.639960780362659,0.137690859863316,0.191455862286134,0.126177190100776,0.446781680095766,0.548189177138479,0.242177904951882,0.0844578365840014,0.163763576868348,0.178217054263566,0.370298002256587,0.430726375852603,0.678122666168783,0.481590927242233,0.576319212188777,0.661854657751753,0.737396908637665,0.997755039821697,0,0.774994525114433,0.708408778958061,0.862535613364589,0.270226119725297,0.595319081042379,0.797998693659527,0.508368596560153,0.810804584914217,0.447241862463627,0.337019584085078
"16",0.666666666666667,0.37885703852474,0.327526132404181,0.223675657181958,0.239915531118017,0.469617159923975,0.385982932996207,0.147556787540697,0,0.0267858257298701,0.772042501553852,0.573767992813037,0.215552755568146,0,0.18204804045512,0.506221862100497,0.524328389214538,0.252325845246199,0.259296975868779,0.331538367988083,0.130447884126681,0.0461187028657617,0.407886267143643,0.425477897252091,0.397600808378736,0.449730225305102,0.446467475879241,0.430504155117847,0.635113748849567,0.392604369278672,0.539529498990833,0.555182923910637,0.423944798717129,0.49141545188057,0.423702036168206,0.437722043140934,0.572104482886051,0.246587910345694,0.2747619786063,0.374683026988912,0.304425834172964
"17",0.666666666666667,0.471973708234435,0.668989547038327,0.388635456463477,0.535676149493984,0.301392301392301,0,0.0320977949735015,0.00833464746098697,0.113438983632863,0.114901696338172,0.142282491111315,0.818951025984348,0.055654167296809,0.0345314186104424,0.0537294994006208,0.581565629879704,0.589530038687505,0.166316747148156,0.069484554059032,0.967158258011739,0.753854418928323,0.736468758584441,0.715603818446361,0.706303921789471,0.885318382670002,0.942438361483207,0.923608201310985,0.50890373241563,0.397774432828092,0.633231038240937,0.654516589083091,0.423705935658511,0.572576536950453,0.31378589537687,0.142571241586836,0.417310467341237,0.23617311594518,0.158002490574335,0.234401104532347,0.254460027158442
"18",1,0.457002008398758,0.630662020905923,0.475594457432856,0.406948760857439,0.273018352206169,0,0,0,0,0.0122831119571398,0.0980792280241888,1,0.0351795865819965,0,0.0348727064672154,0.398529353815314,0.784077473623408,0.265743119613531,0.111846201164699,0.98925774174517,0.780968711905729,0.680838498836652,0.760686009082971,0.876014775043901,0.862244788915588,0.889851625325631,0.988638690998252,0.745560617546706,0.666496534805146,0.245709110587552,0.589483491966473,0.750175742697211,0.738731500514208,0.27193114799465,0.148499364848247,0.464388851285653,0.475193397413002,0.472342829897935,0.221738149145323,0.250168511377224
"19",0.666666666666667,0.891546467044002,0.623693379790941,0.553760620402577,0.4591999362499,0.498983050847458,0,0.0706681272919079,0.375050224282316,0.653138826068741,0.399495640384139,0.0229806023813215,0.108365365110243,0,0.41413019329038,0.192599842677603,0.175593692697382,0.656836942217969,0.0840666947920246,0.0419612561442879,0.493418976007215,0.481722411831627,0.435524105604476,0.578669358697699,0.497185349361986,0.484176762306667,0.652789740645038,0.632987473598846,0.918831653187905,0.255774067969891,0.424149534909904,0.9425925299056,0.416481503615618,0.803561006755629,0.353449385770505,0.519227207849634,0.396655357634772,0.565764630710561,0.515520024942966,0.383525897734074,0.388556597567165
"20",0.666666666666667,0.417746941756436,0.362369337979094,0.357700861036665,0.367017292214519,0.476399123680542,0,0.00893205677894673,0,0.16309815441283,0.51212367596807,0.722690165929293,0.296348451954859,0,0.0114572144647333,0.203609409624447,0.502295457672713,0.577640682903841,0.0903628930930431,0.0798767278238635,0.481878295835614,0.351218479661329,0.86605403400186,0.718435405952938,0.814747944396277,0.911309276821652,0.816908212560386,0.880565320288365,0.204106972020476,0.629848164796783,0.692455353297895,0.308093307004402,0.65128241290105,0.441906738248975,0.374408685887212,0.32653178366363,0.611505402973433,0.26694503930565,0.328051976536207,0.299185655734772,0.426372246732419
"21",1,0.523461749132737,0.376306620209059,0.491965558533387,0.422710972985895,0.227671541057368,0,0.315953205160202,0.0680686846781469,0.229817300308739,0.265962757653496,0.0582828638725589,0.494167116348907,0,0,0.00498643596141438,0.409490974068927,0.806202665132777,0.10563950868728,0.0565585438514963,0.725437975947734,0.560258516002882,0.814016299335604,0.822612680860366,0.900161150037307,0.905974259540269,0.919032597266036,0.916498168539227,0.567190837191784,0.575730238285949,0.452750245073707,0.55264101722306,0.468686433483411,0.519401937596628,0.347990611646084,0.245543533589636,0.479748085921102,0.465238543827013,0.473781466522232,0.383869461130679,0.242409988424985
"22",1,0.865072119773599,0.43205574912892,0.763271939328277,1,0.717451260104612,0.0693892045454545,0.516764144945963,1,0.110065392999102,0.0590417553461032,0.0182307804735457,0.0379107124759299,0,0,0.0307727857727858,0.265223348509127,0.911546231546231,0.103522882556793,0.0611232716389985,0.168768099170051,0.0877508145849496,0.914690269441589,1,0.945471315957133,0.892934384871321,0.96996996996997,0.922524099801166,0.730770944796529,0.263231373489751,0.563958076832395,0.699091854465838,0.344507337655544,0.55584562881688,0.352544788002804,0.439227805791931,0.256130766005041,0.375538845924386,0.190829083478396,0.587148193278228,0.511049256217211
"23",0.666666666666667,0.351834946138397,0.644599303135888,0.360620402577408,0.341931628018169,0.645937813440321,0,0.229446339640536,0,0.0955673861265024,0.839745927195789,0.574856796590085,0.108334584557746,0.141757506538443,0.29544012967792,0.474919983060092,0.564854380675011,0.140665123398227,0.200013821294523,0.0480408106440313,0.453666709420426,0.374733493135759,0.793372441586561,0.726800836394261,0.664007877892664,0.815023432774442,0.793793483502101,0.714101949539349,0.397808962996222,0.278673452881763,0.809786094555414,0.482655106149598,0.252029314586855,0.316507614686986,0.275610436081283,0.413692471752189,0.441387695010165,0.408911173022208,0.375191989339851,0.343086596906107,0.37157912321172
"24",0.666666666666667,0.361694358225306,0.651567944250871,0.201533899754804,0.334672085425133,0.672823055469476,0,0.0815909032692249,0.295547972809587,0.186634083672165,0.636759623381697,0.212639718266728,0.250077929007695,0.0940672721494639,0.0948892377463806,0.482866697152411,0.670876307898994,0.161740918151175,0.187087013370873,0.160526158987388,0.548580191655915,0.221706498951782,0.536862727436498,0.589480286738351,0.543518540180138,0.578661408923711,0.624640522875817,0.579362344642417,0.700120327237753,0.332617480702867,0.53487954618544,0.655836876933598,0.345151154206473,0.520866686638869,0.360119841129864,0,0.418395282197017,0.168354163339645,0.0810845408986513,0.331926077179444,0.430335479475409
"25",1,0.643052766112835,0.832752613240418,0.727769858014484,0.821635190054984,0.444892202296998,0,0.0420861459235146,0.169388097783129,0.700422422408233,0.618625457275228,0.163358593611143,0.0238735483437253,0,0,0,0.356956208956109,0.854907013700984,0.0442349599507487,0.0201269717908472,0.0840133093250085,0.119260537101609,1,0.894655263589781,0.894547787681044,0.969473459778636,0.957697380817788,0.900190392117616,0.285098526561652,0.395964011093447,0.80774218363396,0.490718467886142,0.316319042858813,0.366313124117652,0.366957946336328,0.637304113500642,0.38042765511377,0.386435006233148,0.300587529251991,0.309334369500636,0.478407204917216
"26",1,1,0.533101045296167,1,0.940752251175392,0.658474004051317,0.099127435064935,0.33845390147043,0.574863197112586,0.377121380030407,0.247056385643342,0.0771038647847329,0.073696231304927,0,0.012987012987013,0.00804166875595447,0.261001371785917,0.924776612276612,0.0432356162404051,0.181899723070764,0.209448823853479,0.129004375804376,0.956946056825198,0.990453695502411,0.986840597065994,0.990746132508727,0.97328018895778,0.967693442996444,0.607453959389817,0.376456883152673,0.573212025839258,0.475947426210376,0.461039254830283,0.451476015645391,0.476068736389678,0.43603017277141,0.402596693069809,0.52149539770122,0.471038979480507,0.445992777078008,0.786852881587815
"27",0.333333333333333,0.339054226766478,0.470383275261324,0.28495751838969,0.487202167503387,0.546098611775969,0.256086905871389,0.0199285591135121,0.340885527632008,1,0.0921462345750202,0.0432810013694813,0.0560831850187173,0.0698591836995238,0.524031420583145,0.247760341888953,0.774840828328201,0.0254657840864737,0.0753162483495239,0.241208811632876,0.163683321999175,0.0346365348399247,0.713555988121213,0.505114802167483,0.461819393412126,0.687762206551817,0.515302044079022,0.440008515366273,0.0828878031266421,0.348870252535902,1,0.15019867442536,0.259922235322803,0.0496393576503081,0.49314814578183,0.361473323677489,0.186595304106612,0.286569270160287,0.0516488579585606,0.257424419134652,0.411905933753522
"28",0.666666666666667,0.423772138031769,0.341463414634146,0.35503221759708,0.503753287114511,0.402438149874507,0.135976469714964,0.00317448692529668,0.231044569242712,0.654248565273762,0.301624311177136,0.137887513270349,0.218796754555301,0.0222562066833697,0.0855106888361045,0.193165595184598,0.413476459793501,0.616592565523682,0.101674454602942,0,0.124153009665014,0.205828767593546,0.832478233704031,0.83368802270012,0.817892444505808,0.848339343589703,0.84595630787037,0.780082985544488,0.548156332222107,0.368943795126142,0.624800180038802,0.522571512687859,0.291294777904612,0.375573375964096,0.312891611201568,0.708889737867878,0.383740282382177,0.242286441693151,0.142379090588753,0.163817424594414,0.526685270828267
"29",0.333333333333333,0.277706773781267,0.369337979094077,0.320881564691795,0.306454697585465,0.896758327744243,0,0,0.269840690597542,0.793091430482753,0.514410481964019,0.0332568134674964,0.0468342974832267,0.0328040164474431,0.164889836531628,0.883801178577298,0.40035595086665,0.0866890618134399,0.144788154123613,0.0823946099358754,0.116440169319637,0.156809646118721,0.72689477105193,0.669175905195117,0.642881810717702,0.737765779144244,0.657317651113696,0.617559573919482,0.42579406830348,0.366090167094012,0.721629628983527,0.354854236634833,0.361021652032056,0.285126241596386,0.337646246979644,0.642358574049023,0.417884373908763,0.4122823921703,0.359931306786541,0.275161324566695,1
"30",1,0.548840606171262,0.613240418118467,0.58958202657239,0.751079767312136,0.510303668597507,0,0.0921555249410461,0.443119065869202,0.457829217675328,0.466703912609793,0.179694938450558,0.0768251149904717,0.0114353782013103,0.0899640405361229,0.018892707679893,0.21407430298307,0.913997926812572,0.0616571827236976,0.0702519316818733,0.166384809826013,0.0355886403733424,0.900972070640526,0.898054799739265,0.967002622829526,0.885996130387347,0.890866244108565,0.952051974590039,0.530736193367467,0.547516196348257,0.502416740196606,0.535776812678812,0.645559341678464,0.624458614267956,0.388238713679076,0.358348121020458,0.211223346647632,0.430192218758696,0.208630884955786,0.26467051555559,0.612054281483876
"31",1,0.700018258170531,0.411149825783972,0.752477618748931,0.834504741413658,0.679714841218406,0.310431903317874,1,0.619199187271991,0.0545320422859449,0.0532567630397595,0,0.01016946725737,0,0,0,0.551424311948147,0.687898497031569,0.050983682048657,0.0871994743876015,0.0766729990396666,0.0932689579923622,0.895964691046658,0.891898783649813,0.999551965621518,0.905818143214872,0.908872635933806,0.960200368413693,0.528695078985245,0.633453218280957,0.438614060287912,0.529931726274649,0.61840870672438,0.601427520737434,0.40713583543803,0.607654654791231,0.328260139045014,0.439239744479755,0.315597648238274,1,0.641230243629985
"32",0.666666666666667,0.339419390177104,0.470383275261324,0.312379540400297,0.408343294286397,0.555960264900662,0,0.0702167598362472,0.120108418722355,0.464488969689185,0.307269610513348,0.483370264836891,0.210316251681515,0.0601684139817192,0.0630472854640981,0.221946302068894,0.640754310346758,0.401559716796144,0.0863250003823624,0.222966275980438,0.263351735107054,0.143301960784314,0.742716901393054,0.634907985889753,0.7950440441787,0.757464023418729,0.670674132630654,0.82471637334323,0.309472634450758,0.780586964543625,0.49626194312488,0.338739167337514,0.900513025934396,0.634484679883031,0.473146398089195,0.366013839764742,0.256250128816811,0.372083352493516,0.187436657492972,0.248430194639017,0.768813350574896
"33",1,0.506664232243929,0.679442508710801,0.548902320807436,0.752705394852179,0.466845572090754,0.955841565349544,0.140822427089352,0.476314335753549,0.251159859556463,0.249848702022615,0.503030717657522,0.06289522996276,0.0860723654078361,0.0694745983499783,0.0883328834696616,0.232275110966609,0.837762710103136,0.0374912599084889,0.024728286922009,0.206259624255971,0.136435100275852,0.926812938245207,0.80007281943617,0.9705807636199,0.915456627460461,0.839709762532981,0.944083142250789,0.24473683624299,0.783081570051031,0.544443074825328,0.350104567329396,0.764938268186373,0.552679656350886,0.374805518008763,0.453660700954346,0.268319730155737,0.335436775630281,0.159538961159206,0.304748501736223,0.683564335430863
"34",1,0.624794595581523,0.668989547038327,0.528020756115641,0.726105665790103,0.498121546961326,0,0.0773105725258835,0.897770760079343,0.206666171776409,0.168221557237576,0.108098960358226,0.191475139987726,0,0,0.0164417618187177,0.338020725616461,0.859339096181201,0.0303229428502163,0.404562246808908,0.139493508729861,0.120642276422764,0.920680958385876,0.923722856784235,0.904370394198152,0.94723892666904,0.956982274102897,0.920494324590724,0.542056764831531,0.350033322582773,0.643906011883122,0.541528468421869,0.37479700454947,0.447208424814521,0.634398470496304,0.543509001644176,0.412440557172568,0.238937769285317,0.15789786162765,0.244589677784373,0.70388700309785
"35",0.666666666666667,0.52364433083805,0.839721254355401,0.366659063693904,0.331022392222488,0.49340782122905,0.737624737394958,0.175948383167635,0.720712082714096,0.276608668855412,0.259305840507887,0.121216010519964,0.0813246145726964,0.0262461148843099,0.336134453781513,0.263640591371684,0.338148881371487,0.499174028585793,0.294352768137072,0.19239741423153,0.257386490308491,0.143533889245243,0.72602092694883,0.626546328683911,0.807894146334166,0.757149116245271,0.746095493083445,0.861810666457697,0.330467120595448,0.828297159049741,0.443722441202502,0.510794718247053,0.795038114936487,0.704459880808703,0.305697156204709,0.376718781102341,0.637287364844416,0.312213652567623,0.406091011192633,0.349842603084531,0.681072454796368
"36",1,0.564177469417564,0.560975609756098,0.610298226606603,0.322663160411188,0.558693784016041,0.925812836927224,0.63400750193203,0.560611752197304,0.0353534393505653,0.0487719372050791,0.0957790566326634,0.186865272181105,0,0.0338852522140932,0.0853057524216554,0.478032331001925,0.671938473825266,0.122629420555529,0.100138670821955,0.479405116715172,0.190584302714267,0.713989226500012,0.736207416340066,0.761309097987688,0.895209561450277,0.895974589212632,0.812824694465095,0.609987922724016,0.47094611969425,0.499363502922008,0.525652509717197,0.244000154139448,0.346312556997403,0.36519106509611,0.0690372978464244,0.81955602270753,0.555642816077812,0.900165107503168,0.52058013867957,0.692596981899591
"37",1,0.557056782910352,0.533101045296167,0.521007013742373,0.53933381145908,0.567378955910197,0.620623941276115,0.270662503145435,0.547717758305618,0.0709272330661918,0.278049612643185,0.109658829916065,0.2742185350881,0.0799486398056976,0,0.0820483304955354,0.271351268470937,0.846583368322499,0.0494856429166815,0.115472533618416,0.276298375620607,0.350059613589025,0.757578795973645,0.833601044293995,0.841657869203591,0.907653249050471,0.903737997256516,0.879122839968094,0.727868462755145,0.421446710883436,0.445831743379945,0.513941235568095,0.407004338270689,0.446267667846723,0.427140079836818,0.680541462977002,0.49428474395357,0.3507392336728,0.347920174429011,0.410005977584548,0.768655855849205
"38",1,0.4436735439109,0.885017421602788,0.501887437988253,0.595441867877919,0.413870665417057,0,0.15307459860924,0.289616760433085,0.533356529951598,0.156575106776218,0.548656458489738,0.0627863804458327,0,0,0.053343463035093,0.441352472320464,0.744047843166786,0.0308629015326475,0.0501247300806138,0.164964287576532,0.19030713207212,0.93975322329952,0.808044912702186,1,0.977031055943045,0.883587621756745,1,0.231873327161037,0.829299179051902,0.519231396067314,0.304562124873624,0.799123492666322,0.538368678014114,0.396506531066638,0.612942906716236,0.524428677924196,0.255485259788581,0.253447482349314,0.169541722422735,0.804478323627498
"39",1,0.440204491509951,0.742160278745645,0.455545418258539,0.586987010917205,0.666190719020908,0,0,0.471584525106448,0.303907740811416,0.336877564234474,0.406771978111568,0.179169088155771,0,0,0.0234453520457577,0.477882323292476,0.73418745629699,0.104488644817199,0.0759491831994491,0.146409752777471,0.074508785630613,0.850140356109974,0.85384541085502,0.927079684923979,0.92080633876405,0.90102775754633,0.887732244742645,0.551799177809682,0.562391367360575,0.474805433230622,0.476767061874268,0.438460923158155,0.436973837348,0.361797430878444,0.456354632876983,0.176948884804847,0.44985926094712,0.198672335091815,0.442381133898593,0.468356040009565
"40",1,0.459010407157203,0.70383275261324,0.521754005816274,0.637971153079927,0.402185792349727,0,0.081145051338792,0.213373553654393,0.517330736827141,0.3237026342277,0.284533703488951,0.202558755184082,0.0707970490139814,0,0.127325608199925,0.448658416996596,0.664346986751358,0.0843240528425195,0.0353691121149274,0.218693702625081,0.146590277777778,0.79719369212513,0.789068100358423,0.797146200309921,0.809537564023807,0.845134350036311,0.874425189751228,0.530936259941189,0.426975296742951,0.593970583669813,0.612208306433154,0.556092727263303,0.626907123730766,0.348850139658313,0.448684223001185,0.236790180048727,0.434707093578694,0.234365844792485,0.248988747634159,0.626466631929128
"41",1,0.362242103341245,0.519163763066202,0.36137309688088,0.430950673360427,0.51326101394731,0,0.0332245865891835,0.125921682386616,0.300046196421574,0.52292670894557,0.53921270825881,0.198156551116802,0,0,0.035918454190673,0.544242787872278,0.668223082766277,0.174969489140588,0.166882717658593,0.109237195071266,0.12292835865356,0.885485675718878,0.913417427407804,0.894460902906305,0.906908318906866,0.951231157492668,0.917671138693766,0.603044886143641,0.352173210152736,0.595098085920038,0.623574455014628,0.382854744766741,0.519792106062707,0.372940043727509,0.59961396854527,0.557266812326709,0.227769436159394,0.240975928672655,0.240904826869223,0.771649714277248
"42",1,0.414825634471426,0.414634146341464,0.192085305354394,0.298477966371822,0.412858683926645,0,0.106959503445371,0.205558996214623,0.389704824101714,0.630712485663162,0.263549792907517,0.124204865892845,0.0299955598677827,0.034299434059338,0.0327072914107728,0.574384821927299,0.618262689691261,0.0402604941316572,0.206896273528652,0.095872820153149,0.0620669872606091,0.835905653996912,0.807989370425346,0.730734010322117,0.927378859526563,0.899582343198675,0.756675443876806,0.481191665716501,0.236852037351183,0.777100074663155,0.457984368871553,0.0777722237215049,0.179205372158298,0.494920886041485,0.523568078070212,0.776027101621611,0.0378979167223997,0.111372004687566,0.152333911284407,0.649066241482329
"43",1,0.460288479094395,0.574912891986063,0.426635114329703,0.400207187823731,0.499645808736718,0,0.0269764641658517,0.00904789420544065,0.00890983521964979,0.0668511897897205,0.0923200073557449,0.945638812863737,0,0.0384476751171453,0.0124987416829301,0.441426791171681,0.753387533875339,0.104757951125787,0.166527056815339,0.198017729165943,0.103420600444058,0.709997504433495,0.803386837047426,0.810480141218005,0.872467704344267,0.89807710523823,0.858349614249142,0.773108516116748,0.423045487943177,0.409618067569404,0.584058880482258,0.364863323863468,0.47535117052636,0.42230389236454,0.414127219024761,0.507334469555712,0.383827323088788,0.398248058056647,0.258979048102788,0.645958246970899
"44",1,0.405879130911083,0.641114982578397,0.355266009009523,0.306574229022233,0.702526670409882,0,0,0.163403398730062,0.11915789989131,0.24879584148028,0.956659417155228,0.262462669185222,0.0413082064391205,0,0.0358293817686254,0.516229613381946,0.680560192029504,0.187981814716024,0.0225500247365896,0.138119497109421,0.0517099148267593,0.783817752681092,0.894990518539618,0.903539276257723,0.881732848107215,0.941378464557272,0.907696178381525,0.805141585410837,0.414972598254993,0.390979491793383,0.660564668106065,0.382360783414481,0.549742972623563,0.267029147249806,0.433552679752538,0.424374036173225,0.467780153747209,0.429044142546756,0.330913656901598,0.582916309991664
"45",0.666666666666667,0.400584261457002,0.550522648083624,0.322814620516622,0.249796796557495,0.395698924731183,0,0,0.0909647041006849,0.499532728006318,0.468080916284382,0.209028765949418,0.294265317971069,0,0.33950401676563,0.149377110257306,0.323354760524376,0.599826552149291,0.188082300997338,0.224527141120786,0.355676828523451,0.193923139553819,0.577949175500944,0.676995669919407,0.7251199642897,0.774680355185107,0.771226718047527,0.769896412492914,0.801437633395257,0.528900848577221,0.307167187356707,0.52653524592713,0.46973090550917,0.49873180624415,0.402304103153601,0.288675766600412,0.508888983804537,0.447136139677096,0.476764195534807,0.29383919797945,0.536921622800885
"46",1,0.427058608727406,0.655052264808362,0.476546729771341,0.466164634632242,0.338488071284852,0,0.143583380918565,0.129265681067693,0.459539352873691,0.129903372186811,0.189786974082892,0.408327447159176,0,0.0736701805404095,0.127448058745769,0.420793129726342,0.670095619205034,0.0841383946481042,0.137976777690821,0.208182305099374,0.107737568341578,0.731896217890797,0.831921857874937,0.811941237481509,0.8343456309236,0.861891643709826,0.836735216597365,0.785721234501559,0.359951138545473,0.447863733485898,0.591767706522133,0.404845234145078,0.508530984380117,0.417739246786992,0.403565499007373,0.641419437761969,0.2906737409903,0.380428264595029,0.313253503744852,0.61674115736768
"47",0.666666666666667,0.50264743472704,0.32404181184669,0.556851228830473,0.467654793210614,0.428359788359788,0,0.0552541186790658,0.0990314815867781,0.180376061928035,0.249849844010612,0.124774109524166,0.640401251371929,0,0.0420819490586932,0.203202787505113,0.498544140993423,0.56523719605115,0.058078864083483,0.117934506834199,0.569470914883091,0.572264978381717,0.794905658398723,0.728595776982874,0.81178350904362,0.971247306603907,0.857309357309357,0.953076462731763,0.398228296329987,0.5997135922343,0.565211442739495,0.258512832451933,0.741264424149736,0.461786743080633,0.422719028666468,0.535118610121337,0.553599691758076,0.440865698543367,0.506677701009995,0.337618428027993,0.493975600492715
"48",1,0.506299068833303,0.627177700348432,0.61494554370759,0.422240816001275,0.578498985801217,0,0.0591482553741893,0.280809722646104,0.302113809558663,0.239276628812576,0.328630441547197,0.349939515803288,0.0992910526619147,0,0.0455456458261507,0.409484277910457,0.748700367213691,0.0303058575770304,0.269876569223978,0.0680409803665532,0.0929955176560621,0.762002024758894,0.874254768591188,0.866373971987263,0.831597803535652,0.929769392033543,0.932386740000949,0.810154044488808,0.381368381810989,0.412668290699718,0.752426014956035,0.483189670811423,0.692706683150228,0.544156947609271,0.622152722764637,0.599655752498152,0.547305579893026,0.683415073697511,0.266383835333876,0.595063834626943
"49",1,0.661676100054775,1,0.540862177111251,0.745852259144155,0.533482018399777,0,0.103839979510352,0.317320715554696,0.249329788637355,0.546736924841398,0.365996206250434,0.152664757825846,0,0.0542651593011305,0.0166310195087173,0.141231136654651,1,0.054063375292654,0.183284298230134,0.151636760606946,0.138485954242688,0.857856932853479,0.785724591458599,0.743404053001854,0.905312782390752,0.896029504080352,0.819655471587181,0.377579881496115,0.316474104312238,0.796676056443331,0.501951453023107,0.262856022061006,0.33958078923634,0.469347086333532,0.551565495001982,0.132990689407493,0.443878976298216,0.155989715954868,0.222819016866187,0.565519628860866
"50",1,0.483841519079788,0.54006968641115,0.504219649883104,0.5531755518368,0.577777777777778,0,0.0814293371241374,0.0286769320151876,0.121025827221976,0.600947900295561,1,0.0787986696791624,0,0,0.0251519063400252,0.324117908967256,0.86501194498148,0.074239939306713,0.038711093798629,0.0665621820607319,0.0795750713430912,0.865281683977707,0.825942078630251,0.897677993527508,0.934105781152018,0.901364068030735,0.925542276966233,0.451658728342866,0.562528664145749,0.552168757037337,0.446167722191685,0.542743296126289,0.482003342251954,0.358213719255051,0.602842296990218,0.322629350181358,0.434737676837642,0.306081389074226,0.166537961249248,0.626392342234411
"51",1,0.585356947233887,0.742160278745645,0.646319210811427,0.6454856960714,0.64780728844966,0,0.0515594625429745,0.0341642610770715,0.229626547673674,0.559577954901817,0.473730788518835,0.303236932643824,0,0,0,0.218004394165872,0.974238339093667,0.0904007025882503,0.31515522385756,0.401014604642979,0.424238805970149,0.859309550371517,0.785950551199178,0.90122052704577,0.933381842631844,0.834303736050461,0.978293763589818,0.374607056530415,0.663257225711157,0.535140053795923,0.295553349755296,0.875094106920984,0.582047562059663,0.532043353567535,0.585519234127355,0.510045580072646,0.3743078274597,0.388766214595118,0.334994160515699,0.646327349794841
"52",1,0.59430345079423,0.714285714285714,0.52762730227519,0.700366563072755,0.380915413229824,0,0.316510255740327,0.299080451353151,0.585466394748761,0.123385494632691,0.0491731358775032,0.191913050898076,0,0.0532445923460899,0.0467067971227705,0.129030035086143,0.989369569236458,0.0195287010237039,0.0654306511928344,0.163573631673515,0.323180467091295,0.890952935187167,0.92391695531031,0.939031210379144,0.929187799494472,0.966353677621283,0.982472715140901,0.613908048025132,0.425860661739601,0.530632354744745,0.605383618289793,0.521331285234611,0.597959410254187,0.414770356459477,0.831886226186487,0.426879758547116,0.250253762761967,0.180620973250214,0.224264901396305,0.781784368130884
"53",1,0.534599233156838,0.48780487804878,0.585670297086161,0.543939756155869,0.504570383912249,0.311543367346939,0.387193402472241,0.351566869616632,0.186525385894837,0.168345152999884,0.533857272812662,0.108996106803926,0,0.0375007145715429,0.041627461795529,0.22535902105925,0.91848021259786,0.206694926346099,0.149091128521803,0.143748625423423,0.10475409662755,0.766159681790132,0.813271999105195,0.930397689016311,0.867432925451199,0.911504424778761,0.965068031930817,0.660796742463713,0.663977990046935,0.313197838644573,0.626431047495604,0.624671479211341,0.684637468051248,0.338604810228862,0.510250551302787,0.303914187884135,0.573662883515486,0.436164330752593,0.344449753402815,0.753582557547884
"54",1,0.477816322804455,0.484320557491289,0.379705764954097,0.452004143756475,0.604362329997434,0,0.0374583101855829,0.479207814171139,0.292681397900016,0.0826706304967175,0.114104458155905,0.445123384253819,0.0300135752190546,0.0137280137280137,0.0168593303728439,0.407746826878829,0.783460383460383,0.377445550879726,0.193354077081668,0.182520242890014,0.0909261817689286,0.736582125685308,0.803975139401492,0.841518984162072,0.827178712566555,0.903417533432392,0.887862395716694,0.710595892501575,0.489985863866098,0.407048442216487,0.702991371883786,0.432210412792057,0.61797665997199,0.247635859791361,0.420594919568727,0.183659156586507,0.491081648565452,0.243440235494712,0.414917916486795,0.574648123916878
"55",1,0.461383969326274,0.56794425087108,0.499355648058391,0.538744123037692,0.556346456692913,0,0.0122260399821604,0.0784241361812059,0.672333414782253,0.349162732263635,0.148453227292031,0.268915252098189,0.0250005874198172,0.0882136731193335,0.038235858990576,0.323797131559077,0.802891029306124,0.0138291720463348,0.0879165321095577,0.0822487620157297,0.186514991181658,0.689334536234606,0.671864986114078,0.796727215784529,0.752604418902485,0.768073951434879,0.873257946209888,0.522160632520526,0.698410308384616,0.394249106018789,0.571434309467152,0.766076214296352,0.734640660639027,0.433864798284437,0.749959495205502,0.314300280737458,0.451598705097891,0.316957303130246,0.216294680362603,0.570768306729067
"56",0.333333333333333,0.547927697644696,0.67595818815331,0.281080002280892,0.340760219937844,0.819002781938797,0,0.388318836924122,0.441453838537476,0.0142725416991089,0.111658824576364,0.216141284159249,0.386879959507253,0.305771511094091,0.591252465957754,0.360388103062404,0.195036294707316,0.340124304422048,0.176958456413574,0.120284356267641,0.159929471939034,0.273492149758454,0.577175912677323,0.456000177603848,0.459228457356689,0.665286707359068,0.533414020598984,0.527724862724894,0.298230300786299,0.457301119902179,0.750917726850398,0.244340978417798,0.453891061187514,0.257062735672283,0.340309091475735,0.757220848016282,0.244643531551369,0.419027855160306,0.225258191460512,0.362625142425972,0.578591897863753
"57",0.666666666666667,0.29249589191163,0.581881533101045,0.195837372412613,0.187831699737031,0.370668815471394,0,0.012928261141958,0,0.275413026163867,0.101974336057718,0.26546188330346,0.667657474397393,0.103228371237846,0.335809293487649,0.295502965394138,0.591322252542269,0.237032214057607,0.220393143179003,0.408724597370688,0.0903905732693981,0.0642081823671497,0.563772180547248,0.423901979305496,0.485897559626062,0.591055587314188,0.51253509827517,0.534121283773674,0.257069045805842,0.590581989695164,0.681358417110686,0.371970944645606,0.529463658356366,0.412336339373685,0.502909239885977,0.53654827662068,0.352793888572941,0.417682908308557,0.312685051013808,0.176109956846085,0.321856489015884
"58",1,0.40807011137484,0.581881533101045,0.466328334378742,0.334998804685632,0.43986531986532,0,0.0249416919853792,0.0474041175672815,0.288322544841156,0.302259909045358,0.401339805873793,0.446596656211911,0,0.133303710286603,0.106571912948274,0.443447038761744,0.634665231088248,0.154612976052545,0.106045978919477,0.0854969738162281,0.0609544851966416,0.715481076953221,0.765627603716934,0.787009828352704,0.773658023444915,0.87040950502489,0.805274080739631,0.673641563076853,0.459139208763149,0.459104405822968,0.754231042778566,0.293729649377803,0.566862645259258,0.346554237198794,0.539717676360558,0.393791454292647,0.635372118959103,0.591068277520351,0.338115729695066,0.50833883238129
"59",0.333333333333333,0.26620412634654,0.466898954703833,0.245224382733649,0.199816718463623,0.467372240701542,0,0,0.143761308133806,0.0533912466039585,0.361871193480084,0.515885358121807,0.478774305056482,0.133559447134183,0.216988912306424,0.793307097989587,0.425151582476316,0.074680789241405,0.134984623327986,0.243538953016906,0.108632475613566,0.021170789163722,0.436373649177135,0.3783894343151,0.406818196155617,0.504362556378461,0.436665245808468,0.452013850219276,0.459069798688329,0.522313523972985,0.577031662062235,0.40408203580249,0.510922713546081,0.426164795825868,0.452555810522687,0.434832551644511,0.25008610126155,0.596683699369212,0.408046855605901,0.209193206824867,0.704474328985617
"60",0.666666666666667,0.385247398210699,0.679442508710801,0.222917260648914,0.214287991074986,0.449465648854962,0,0,0.111041339146674,0.359742421790099,0.190690279072318,0.415265405091983,0.427873319890426,0,0.549570647931304,0.126323044355831,0.256313559007559,0.56480313857363,0.0405000323208105,0.383223612651458,0.0886582407392995,0.0910437634001766,0.63122649660378,0.382315712960874,0.533297163525605,0.706591816624636,0.468725718725719,0.560690562062245,0,0.791533081781114,0.72733937502032,0,0.724620915478518,0.238964898341278,0.612909553311656,0.583279637748007,0.444795759619533,0.36194486739015,0.323154569672676,0.252323736709285,0.423932388357209
"61",1,0.519262369910535,0.651567944250871,0.423322118948509,0.538457247589449,0.442562091503268,0,0,0.240506710051227,0.0718493946386379,0.419293483511563,0.604487069205737,0.333350135551898,0,0,0.0622163772126093,0.390218134409976,0.781577879543215,0.0602653624960377,0.402091768476676,0.149745435022247,0.124002157497303,0.853348233081296,0.77796717660867,0.696386620772686,0.96598004973527,0.927942353883107,0.814255460451117,0.370681073198133,0.231029108627045,0.867020244710835,0.431370854896796,0.159524454545411,0.212357151780275,0.611589639501266,0.531236353547582,0.238115485551416,0.404909031800237,0.20586306875754,0.175484694511307,0.593095172138979
"62",0.666666666666667,0.364433083805003,0.327526132404181,0.174801847522381,0.266347916168619,0.512319411610192,0,0.0328945603686685,0,0.0566726476346908,0.330271674451641,0.507692620782287,0.56295069359186,0.0922490029478065,0.365280289330922,0.436319909421175,0.398805949139466,0.288862742976667,0.30275152554156,0.295385348968691,0.0712474781801901,0.0316196878380467,0.505140973277268,0.371534307343652,0.411345855812195,0.543623686041353,0.401750124564026,0.397053763833355,0.278221667619657,0.548207559428787,0.697233785026858,0.232188382847788,0.454599344648915,0.247589739948134,0.36877647198827,0.516581095392323,0.207136438619171,0.344442785117929,0.122254343856125,0.331878133461632,0.449484201623875
"63",0.333333333333333,0.273324812853752,0.320557491289199,0.144705479842618,0.08267591043111,0.218279859800485,0,0.0974025752409887,0.0595038508458019,0.444639478062504,0.324533325933797,0.389425317659465,0.281324930506928,0.0934903093390027,0.705012898277906,0.757515515934257,0.174975247728313,0.0730562751060555,0.602758079041659,0.278598408414223,0.0707960584613348,0.0240155835259868,0.177353519271277,0.180485079134952,0.238184610310638,0.193682657827587,0.183832709113608,0.219148926163918,0.628952586135196,0.611090943771444,0.378069146956044,0.562452250697603,0.562541120165831,0.590506753409297,0.145582534435532,0.504970629615883,0.733533034261777,0.28333060686395,0.435876937435531,0.278435602631138,0.24688658354271
"64",0.333333333333333,0.312579879496075,0.40418118466899,0.0739579175457604,0.0981114032990677,0.267358588479502,0,0.0206871154902307,0.146425208626559,0.196899409513506,0.251454675446042,0.437735397321072,0.464052847629274,0.405102163922919,0.818025849250829,0.406525992995168,0.23875261960417,0.123178884988333,0.375960431020948,0.664052840154213,0,0.0279453006294769,0.318131824687884,0.247938637303557,0.30016491323027,0.328136512010305,0.264734686609687,0.270034304311344,0.444957330216819,0.590742729259519,0.53588738286182,0.429139837219284,0.48027704053982,0.426084254370603,0.564102808137071,0.633936193707094,0.370324775257243,0.280593801674715,0.175653147682146,0.116836580091846,0.404378110423713
"65",0.333333333333333,0.333029030491145,0.463414634146341,0.0736328904601699,0.135620368156825,0.123905723905724,0,0.0341138182047273,0.0444209490664258,0.187470615890926,0.185572277963582,0.396988427334086,0.578993290949813,0.0281377267678637,0.79021879021879,0.355161628810277,0.233890729610808,0.286305536305536,0.302714079465427,0.378275174511207,0.0673149875014133,0.0495982316534041,0.207850670107628,0.211435720565362,0.249554587350052,0.243195418408038,0.251880626464422,0.323364126007199,0.626432252497172,0.564189733039197,0.415701723014747,0.600254223021168,0.664244601076216,0.689801361294888,0.424347841961819,0.552687561117506,0.0221573215334579,0.485832432187945,0.0966718035972569,0.187033432509823,0.293492787298162
"66",0.333333333333333,0.239547197370823,0.362369337979094,0.150675714204254,0.1157223683162,0.817136886102403,0,0,0.00831799964711515,0.047586262050514,0.0619579583721224,0.263322504723705,0.852211840154467,0.0128795367885891,0.329896907216495,0.666447080364606,0.528822312420357,0.0526654330778042,0.158670000152838,0.358683697187975,0.0229907124927063,0.0194359903381642,0.556580995078171,0.410773950549784,0.518626907073509,0.588819924110549,0.475298179535468,0.565541824866939,0.244339615526986,0.693116741042831,0.613196421824109,0.292662813267797,0.719933933569404,0.475409736800455,0.512981967548393,0.580267746663205,0.290121005371449,0.514001221552536,0.361152294804135,0.252723924316049,0.645736825026638
"67",0.333333333333333,0.356034325360599,0.195121951219512,0.0961681017277756,0.121507689855765,0.184307178631052,0,0,0.137751479768004,0.137837469392463,0.270262709651751,0.189643871749204,0.63645374434125,0.116107348372969,0.373871481678173,0.747858586148549,0.287042961450686,0.149424374331438,0.267754228992552,0.440493779296105,0.0590111103708628,0.0615460122699386,0.295328691265969,0.301607319972938,0.388459999873005,0.34319493010197,0.35915970949569,0.382230489606696,0.622386011276947,0.660339058158752,0.345680578595243,0.608106573654685,0.531201689933496,0.60682176833098,0.490738864594016,0.586533755344521,0.440828139830139,0.249563301669573,0.18930793644272,0.245286105145732,0.313895065809966
"68",0.666666666666667,0.288113930984115,0.522648083623693,0.123481781376518,0.233731771455893,0.666666666666667,0,0.0773824267628413,0.0800249316003118,0,0.028062984374937,0.224079683809184,0.835423802434869,0.0703273460349984,0.124073754954334,0.730999653798206,0.392911731973788,0.213530873361995,0.352971140007364,0.1126548256803,0.247647909041401,0.233506274509804,0.323927616376485,0.350150889220943,0.45497001136824,0.40580874291276,0.506206478958522,0.536803449735152,0.664632285800888,0.69390252553687,0.287463836802294,0.79445203776902,0.554438984903068,0.774993455380347,0.210849238757816,0.540200813721221,0.179711319151023,0.297845672939421,0.0574081037888132,0.099573761803031,0.600346969584282
"69",0.333333333333333,0.26328281906153,0.839721254355401,0.0635855619547243,0.172101362658379,0.451718494271686,0,0.122272736895249,0.144741960447615,0.413092301802257,0.219104605890023,0.27904354625715,0.351026012259724,0.147077118726069,0.673489981259911,0.36073633096842,0.429714560185237,0.14086177305148,0.318388142794806,0.364588201810718,0.105078369517388,0.0523597567716971,0.473240072135297,0.481539478720813,0.486461170388884,0.531045329158412,0.529699298813377,0.524598894017597,0.606255314466196,0.457884077038698,0.512188737100483,0.552476322576125,0.455471408008359,0.510386286932471,0.404102909958645,0.491812208752824,0.350341112305622,0.138093447658089,0.00653763812202516,0.133145170384892,0.869785705224339
"70",0.333333333333333,0.326456089099872,0.268292682926829,0.15816844386155,0.143087098573592,0.0691358024691358,0,0,0.0599662553526697,0.0921199484883792,0.261949344339922,0.317698867607997,0.654630261406472,0.272983002703074,0.843956043956044,0.550039384821994,0.219821100708536,0.0603950490238116,0.0805248018935248,0.232338179919404,0.022458444208973,0.00886743808363783,0.15275718189454,0.143091132444606,0.0778940605368361,0.152716745263529,0.154834665412945,0.0806360563431345,0.602573394288722,0.345234220155813,0.600742074645114,0.593193105418453,0.257344680482977,0.410573942470962,0.483524213536531,0.563966259478966,0.359351218541339,0.414423242894272,0.314496902260781,0.170846051486593,0.181404852749325
"71",0.666666666666667,0.31933540259266,0.574912891986063,0.291743171580088,0.236162244003506,0.544100085299972,0.45556200731982,0.00802678075405347,0.28469790083482,0.553890456041373,0.0982441471571907,0.26267797137974,0.280579911014694,0.0187584845119092,0.0102960102960103,0.370037508551022,0.864041189690687,0.14248382998383,0.118601763391406,0.157751297585675,0.0295362022140225,0.0316402064389285,0.583149104335752,0.622756374542686,0.724686035840217,0.626587071970131,0.609132124352332,0.767300381483898,0.664988345921754,0.653987393924389,0.317556187113381,0.507590847405435,0.911034144158588,0.779789129081394,0.406643003913354,0.5888247406587,0.193247252208837,0.68440112870214,0.436722495135661,0.347083493518918,0.726394618643955
"72",0.666666666666667,0.315501186781085,0.268292682926829,0.30375206705822,0.319937843652881,0.798204936424832,0,0.0905266342796727,0.151812966425364,0.291349569703507,0.112312382133354,0.190021550859455,0.553276220795402,0,0.0244461420932009,0.0338485926721221,0.923360298262023,0.331421302009537,0.0355771052239137,0.30611371410326,0.132729735435534,0.0989847222222222,0.79478219600522,0.747871773833686,0.659624496178872,0.832993244122564,0.858009817045962,0.813912272986247,0.442578363062339,0.220062172920257,0.819744871278791,0.586139730638243,0.352077725453102,0.468462468107083,0.564715686418185,0.519924351448627,0.386028842379502,0.38400352813426,0.302320541510199,0.295977043248119,0.961026640145304
"73",0.333333333333333,0.289392002921307,0.630662020905923,0.146290699663568,0.0997210933142083,0.8096,0,0,0.0169309823894695,0.0657378291519663,0.051258891510154,0.570091301324735,0.686879883948489,0,0.703628760285984,0.622132047061226,0.209415267990278,0.168276797171981,0.0731793687451886,0.341459260035989,0.0728594523740169,0.0629964539007092,0.453629377902569,0.304445380086655,0.41721549394455,0.474046703250523,0.365629183400268,0.455631396525149,0.24862868170474,0.717026450357951,0.591687713141501,0.314221896947876,0.717550945522035,0.491458110668133,0.561836143837963,0.564923322153773,0.418897654134078,0.438952158461151,0.391302825685101,0.268453302025802,0.777184616191354
"74",0.333333333333333,0.348731057148074,0.104529616724739,0.104288076637965,0.0336600525938322,0.296569191802901,0,0.0347293288866797,0.168066909085408,0.186102448139434,0.314867552837895,0.215501227236443,0.527135825269589,0.228026570892795,0.345773947630096,0.543256083395295,0.371549758701944,0.206734487476947,0.422091454539944,0.262803115173407,0,0.00485292109020922,0.245007759666398,0.318056749606482,0.306590173580465,0.245349514942556,0.325962405046994,0.288895110969467,0.780852191544916,0.441942105182555,0.389250909292873,0.763444536363249,0.363339099370939,0.62118471739901,0.262633145994199,0.596303906402864,0.776028603382013,0.278556961204804,0.459072702515159,0.397791189583323,0.319772833702672
"75",0.333333333333333,0.232243929158298,0.121951219512195,0.126492558590409,0.0927165511196111,0.288361373588384,0,0,0,0.129092123821543,0.334255948948603,0.532521985749383,0.517332426903957,0.161234451267517,0.405150808054619,0.658291425986526,0.399215122400233,0.0884018179843951,0.276594064858514,0.330374419532523,0.0226106885121276,0.0278104838709677,0.27348073452176,0.335263036189155,0.294129154632634,0.280706735559332,0.341863799283154,0.260113115675122,0.751782544763915,0.374534983957239,0.463022886299111,0.716182430677851,0.239247932500132,0.4991002993596,0.410702234614204,0.594573058543619,0.404608007347619,0.413178682955851,0.350109854973888,0.192028414520066,0.38855807837188
"76",0.666666666666667,0.355121416834033,0.306620209059233,0.28088042424588,0.0950673360427126,0.488401615695326,1,0.833519974024301,0.0220224077999364,0.0913925793966447,0.165691050231124,0.43212537889135,0.109680397184291,0.0170496768132808,0.0280742798654774,0.559421389513508,0.541094988605788,0.274816506136875,0.299811608823335,0.138850014993217,0.333841508766699,0.278795321637427,0.69397670795935,0.589381970167384,0.784452139877999,0.93108813640604,0.840208101077666,0.83454811453201,0.322502687733188,0.863070801533437,0.423427553560749,0.314373694013578,0.458759131590344,0.317667962394208,0.265958263268842,0.46478807038219,0.604549454726995,0.646600340279241,0.817143827206652,0.806150977257302,0.538929577814336
"77",1,0.373744750775972,0.672473867595819,0.258288190682557,0.298605466571042,0.617406501223349,0,0,0.158926126632922,0.296828876923558,0.297063867877471,0.243837084673098,0.471375326734776,0,0,0.0498247287497641,0.556711692870539,0.647509439588647,0.141319822550565,0.170291715013546,0.0668178573548488,0.030954029621081,0.859325261018555,0.837873882390011,0.89112714812315,0.938622149453245,0.912649572649573,0.904539759456757,0.493235284805077,0.520384982448954,0.552068791193632,0.461151076614935,0.453072365819073,0.434008726947421,0.398996831303547,0.523164833521414,0.425386477551349,0.308316400282079,0.246418995999504,0.188256504634512,0.792876979875223
"78",1,0.326456089099872,0.376306620209059,0.243701887437988,0.241636783807475,0.626226226226226,0.0522795376712328,0.0366153149465727,0,0.0090700291747976,0.097930124769017,0.0777141236840946,0.93190868343489,0,0.0469667318982387,0.0735133372119673,0.45821050749081,0.690646587050697,0.139179980596455,0.283264296848887,0.0888186467854397,0.0259430485762144,0.776408549971942,0.70821370264032,0.891001208589792,0.847844606157468,0.824233358264772,0.905193484309414,0.396077615135485,0.821412680600037,0.398204507307993,0.474396469196309,0.699545354218265,0.610488216353806,0.476212091836614,0.476911153482514,0.533978999047682,0.301139727155646,0.316680763973988,0.21230104061767,0.624877704840514
"79",0.333333333333333,0.251780171626803,0.0522648083623693,0,0.0712805801259064,0.225816348893272,0,0,0.0718729704053243,0.331637441492485,0.241428909358173,0.50093747690679,0.400064470498788,0.19364049698718,0.531419409024968,0.575412703686354,0.400111944771869,0.0723869040277378,0.544475031536084,0.585435492271323,0.0543841697351747,0.0166452299829642,0.303407280812371,0.152999869244851,0.22078506771752,0.310255693511823,0.159126132570339,0.235099681787213,0.263352404798577,0.636669848596723,0.641433602850792,0.231426592018354,0.675291697724321,0.39527673561556,0.392370792268171,0.52137172229316,0.188812288348435,0.230679971373224,0,0.265350026772527,0.270331732312523
"80",0.333333333333333,0.262552492240278,0.494773519163763,0.135599019216514,0.11003267192605,0.535529928610654,0,0,0.156753668471269,0.215616501126142,0.0774218312405506,0.451122104938025,0.545247966327767,0,0.592090047027986,0.572982279943964,0.387128387661408,0.108993962204971,0.291351138606599,0.134287659075298,0.0293147572907784,0.0273399006034789,0.394664403020594,0.297068258777402,0.298077461348905,0.409163411472062,0.367986494782075,0.355902651357811,0.373404762057979,0.471981239416337,0.681594649152745,0.472586509482005,0.433515581081725,0.430227949002984,0.268878052504951,0.582200149750207,0.574383840646286,0.289958701793828,0.331632966518298,0.266727547079231,0.380305505332495
"81",0.333333333333333,0.289026839510681,0.362369337979094,0.0869875121172378,0.203227348792732,0.281722488038277,0,0,0.0399923650939366,0.236292804672794,0.118915592246771,0.572855281559665,0.516096612831703,0.0774048989153129,0.426978226234732,0.580076358886768,0.371468025273061,0.18107584278588,0.362395438522824,0.550542814895985,0.0607478498167936,0.0289866036249015,0.243406401760082,0.196691902567479,0.166852279588649,0.360529062947298,0.268197278911565,0.281720964902355,0.507330585352106,0.416447726274278,0.620241199558232,0.360615491304434,0.503215962608847,0.385400864553403,0.497622361068588,0.530466981141015,0.182005610811551,0.253593252177558,0.0171705976165014,0.254359389618524,0.315169340440008
"82",0.333333333333333,0.27496804820157,0.519163763066202,0.156406454923875,0.00605625946290541,0.332931242460796,0,0.0901670448684327,0.038443204010395,0.17003026512833,0.261040709359003,0.639073039440084,0.399298404630644,0.500011748396344,0.868414604263661,0.305886871924608,0.27989942094842,0.106984210757796,0.803295845091938,0.272764856869979,0.118344725517638,0.0318250747207802,0.181625395847103,0.264870634780735,0.27777402840312,0.208133080262244,0.32301153612629,0.296975355412564,0.811546772192401,0.502120252386826,0.319721766797426,0.844507078356291,0.393989041879156,0.708145792687747,0,0.435381446978252,0.444310010277621,0.744762739112557,0.769371376805322,0.424525420971224,0.344362605355331
"83",1,0.270038342158116,0.282229965156794,0.176985801448366,0.247294605147821,0.667110617832038,0,0.038653911657264,0.021391433172986,0.288891812427145,0.109340123864315,0.334269133925271,0.591993799529403,0,0.0297489928726371,0.22386424230242,0.395170480235007,0.645558707380833,0.272087553048149,0.309279505175544,0.0464373824209951,0.11687688925529,0.739621276331838,0.614515529662795,0.830695072872377,0.84779886730184,0.719001610305958,0.885595031779348,0.270303357077683,0.90643259363553,0.430818455618424,0.235479758198022,0.936192913477477,0.573926935574539,0.399750124370767,0.698470749440848,0.309179280722549,0.303888404496721,0.157029636958949,0.181172468596665,0.870483903724463
"84",0.666666666666667,0.332481285375205,0.292682926829268,0.180908935393739,0.18320981751534,0.669358384969019,0.155708129334965,0.2253786419804,0.230433364357046,0.184003650678834,0.167687113352592,0.325553845730006,0.393264733480794,0.0611659764256132,0.466281984029842,0.272172154669095,0.552657035273672,0.231208611869567,0.349587630023987,0.398556350384513,0.0213400651715001,0.0315255399382928,0.522633959658773,0.505546982421778,0.659091058433131,0.537039072570687,0.512240621486252,0.616907302891175,0.542476499702443,0.782003569941757,0.314934413905582,0.498685818460853,0.760644942671711,0.671433621934173,0.404823720233001,0.602826958392948,0.254460845020299,0.470368977061579,0.285047428681812,0.352934070409252,0.576600714711861
"85",0.666666666666667,0.280445499360964,0.560975609756098,0.0899412670354108,0.197760777751215,0.462145676354503,0,0.0145639762335566,0.0956836561971036,0.215368341108821,0.369095703627476,0.452632636655949,0.41316032072721,0,0.131868131868132,0.158771408771409,0.830337696889039,0.265594181459566,0.217279969991545,0.268898680223837,0.0150125875713371,0.00101613259668508,0.547306573648456,0.601631072499404,0.503584764749813,0.581227122663316,0.621830182124956,0.718046236089632,0.702803361106554,0.216498797786885,0.62114812506642,0.6434028759388,0.738839528851198,0.775255532529293,0.411410500861235,0.564061654438546,0.380690132954732,0.145597341413551,0.0326859924502481,0.126355101695007,0.619590459874207
"86",0.666666666666667,0.304911447872923,0.470383275261324,0.178833323829617,0.108008606263447,0.866418835192069,0,0.155428786894807,0.157312194454933,0.289634625112441,0.0517247789650583,0.339005574628922,0.471264742574444,0,0.0574653668547973,0.0762493784556381,0.778211149781015,0.40840580091478,0.571288752285859,0.163453689340333,0.0271150950880928,0.0435112116848385,0.54710033013588,0.644761388759888,0.684781721324605,0.647141566213705,0.751045896394734,0.732551634301655,0.801869109106193,0.515034249648904,0.317383236139018,0.781463011021183,0.421654341078736,0.675125189768944,0.0906555028885337,0.612361617041452,0.733185078290393,0.304431955463706,0.465359225575073,0.249219106766335,0.944190091218599
"87",0.666666666666667,0.275150629906883,0.369337979094077,0.0491760278268803,0.0721093314208303,0.700519159456119,0,0,0.00606765155683528,0.110111951963992,0.153082814746907,0.125012921583669,0.829468536155802,0,0.317138022721779,0.359487841721344,0.449685950319039,0.35178677310657,0.66123755936629,0.764337881539826,0.00927362107833623,0.0277894736842105,0.455612560755056,0.336708094772611,0.544293470487611,0.535414137952161,0.475,0.58643029645799,0.317598458453136,0.921715927690716,0.382603677064662,0.417929033785887,0.778884809827387,0.617578007609486,0.42976529406659,0.617627837549375,0.218613856565934,0.372306875081485,0.158202216746027,0.235010137607815,0.594921498927928
"88",0.666666666666667,0.310936644148256,0.24390243902439,0.16603181844101,0.243788349669296,0.736507936507937,0,0.0573433733676548,0.112512711772724,0.248377656767886,0.371204273474377,0.129067472379085,0.515555113092628,0.013401073408347,0.0386162510056315,0.557935248200735,0.508826874226287,0.299159051371441,0.25251680036297,0.19993787622957,0.0134418767063557,0.00736416416416416,0.562870312847711,0.473539309135872,0.595145631067961,0.598054092653754,0.554973313925279,0.629295453213443,0.372676882988391,0.715657824650483,0.496766366783261,0.451861448978926,0.676872751583048,0.576802902448167,0.340305817137475,0.577125867958264,0.094524920207724,0.460632304784046,0.138201565636365,0.342041760292176,0.592139804628935
"89",0.666666666666667,0.235895563264561,0.787456445993031,0.109494212236985,0.197999840624751,0.606303724928367,0,0,0.0276344946471097,0.124858860371829,0.239039975095791,0.281330076115126,0.681493969522666,0,0.0704571946639036,0.275453279986372,1,0.0678568937861776,0.273898425281956,0.486084087406621,0.0155024509292498,0.0161777573810616,0.547854248803486,0.464042287044056,0.689517944702019,0.694429365321833,0.667875447248815,0.703834951738742,0.387041397806448,0.945413086809693,0.310854209078454,0.481032874298991,0.571883679007337,0.530129485838891,0.516948498162198,0.587921611746657,0.289806664469821,0.243304211027911,0.0801500339047284,0.106299328081277,0.818649244524431
"90",0.666666666666667,0.327916742742377,0.306620209059233,0.21598334948965,0.00666188540919595,0.317441615821586,0.29077380952381,0.151195361112717,0.085380525478325,0.210958669914946,0.428021254108211,0.438635319664259,0.296156017895148,0.133404495048331,0.332467532467532,0.383140840283697,0.451738901763573,0.286979686979687,1,0.848741958254239,0.0166951144168287,0,0.291403358871524,0.37863866278096,0.540671223433854,0.336986962241653,0.400983446338037,0.574879911572111,0.807862790249409,0.816305989392417,0.0835362956537921,0.717745339624075,0.951552873410231,0.979066126734054,0.247000218790916,0.559492946939459,0.868759206635586,0.590949307385296,1,0.0923799282298581,0.396175409827713
"91",0.333333333333333,0.323352200109549,0.13588850174216,0.0294976335747277,0.0582118097059527,0.180937972768533,0,0.345259811483439,0.32322194670077,0.0805570876723381,0.171991173163759,0.181279509994318,0.420348405259073,0.404911673488435,0.150866876203995,0.78166466172144,0.392216529553992,0.0682972102418518,0.340433523285106,0.773062113806074,0.0185529079905677,0.028796458265846,0.0725608808305294,0.103174852460275,0.133554384039821,0.0989366594427201,0.10997511630423,0.180564448822461,0.703982583782136,0.560484034915114,0.358528790299383,0.618124818032036,0.659542280191943,0.701271427547706,0.662249115894438,0.603204638028121,0.28710923228671,0.289537992786562,0.126171309048897,0.353860624526927,0.101037953830231
"92",0.666666666666667,0.432718641592112,0.484320557491289,0.26192051091977,0.347302573910272,0.361527491681192,0.410523914713792,0,0.433265985802226,0.146514247691852,0.502732247458233,0.660933525872324,0.065704994365904,0.132786721327867,0.295922287470501,0.235345218441646,0.26082364575683,0.576445324428421,0.0817484629462177,0.330017763345873,0.0827570335604315,0.0996703476482618,0.6124145483507,0.585676810543185,0.57715763703741,0.611968717950668,0.628411508927745,0.629781258241023,0.509949877083835,0.415485892917125,0.618946709833277,0.585855803536233,0.475015935978632,0.55084750551189,0.548115348024417,0.607553992523805,0.416123101961189,0.255488659522515,0.179285429875732,0.267888465588907,0.426733291157313
"93",0.333333333333333,0.282819061530035,0.344947735191638,0.289735986770827,0.198509841421627,0.876749627738779,0,0,0.311550570322119,0.0856864026911209,0.66237756380873,0.846516069009418,0.028444417745472,0.22114649136414,0.561387850727952,0.437145239175696,0.425498412816062,0.126643238318365,0.139322559087309,0.123642764469717,0.0359079105888993,0.0278775669861138,0.714685674540118,0.599401202727094,0.590231347282524,0.706669297821812,0.614187218244497,0.609281581578795,0.295657097549351,0.412364532220005,0.787096499278037,0.330220164502905,0.457331645813115,0.329681705459613,0.369148121971272,0.571662341812853,0.462116712001431,0.517038879870943,0.519809807148479,0.302757731339194,0.809937224794829
"94",0.333333333333333,0.374109914186599,0.313588850174216,0.34179734276102,0.304852976332776,0.752116788321168,0,0.492379629939439,0.223216495253556,0.693385982043097,0.267517531071483,0.00640971399559993,0,0.236037934668072,0.234432234432234,0.895805001068159,0.263092539514271,0.101808597760015,0.240370189309014,0.135574630618201,0.0245725791533867,0.038667480501865,0.488712603247914,0.465314245227974,0.411413957373208,0.498169367169542,0.46640826873385,0.3980930948358,0.532008517273794,0.330431229075862,0.666592699872035,0.486245680949669,0.278577829375826,0.337288365129462,0.305756849454042,0.608869656390407,0.26449170024374,0.580031303473291,0.405118206185719,0.371968355337507,0.563909071122882
"95",0.666666666666667,0.452802629176557,0.45993031358885,0.494993442435992,0.461399314686429,0.847707212055974,0,0.0689443132624951,0.456785811309039,0.320696487339647,0.775473801560758,0.0829294901240239,0.0584428252906514,0,0.017687074829932,0.133670405098977,0.56851698134173,0.567852055352055,0.0598668678647399,0.167204850617598,0.0838634202260903,0.116236908631275,0.915795747033115,0.87731197059261,0.894228968508206,0.920361555144435,0.882129998104984,0.884200615306742,0.447723419967852,0.435564797718428,0.651808342193098,0.434891384112072,0.480924982085168,0.431228312481252,0.454472182823912,0.632636171468442,0.658697690703371,0.308792904382257,0.417165394381037,0.242579257810144,0.669036912838576
"96",0.666666666666667,0.408800438196093,0.400696864111498,0.327712835718766,0.228097856402901,0.386690017513135,0.0380282473309608,0.20165786979116,0.590857543932921,0.229972042222769,0.275969324398846,0.297483722580128,0.126238112807817,0.163018573587481,0.422979156075242,0.290286117332381,0.526835337389004,0.23380174590139,0.199716023866758,0.0426008274249535,0.0450599747072174,0.0465934808309407,0.35246000466464,0.42970733284825,0.409779759551319,0.353770555748474,0.433333333333333,0.398653861063478,0.77791543681747,0.409578322665416,0.416145417419706,0.751645542541506,0.371658931823207,0.617116352068118,0.272175458466884,0.586318585601881,0.605113002968557,0.431379833837484,0.537616384747843,0.712442740288115,0.422049805587114
"97",1,0.604893189702392,0.581881533101045,0.646661344585733,0.692334050521954,0.368573336300913,0,0,0.123366147017661,0.60271231603663,0.544866432000416,0.440649461438227,0.0455538546044314,0.0169974839250769,0,0.00770249633223394,0.179586701235431,0.996840347860756,0.0179161597194986,0.0812954818118663,0.0616537269451545,0.0508845333333333,0.922452906228468,0.909477842945585,0.94243400173958,0.970274504370213,0.949850063131313,0.973578624127142,0.505244827706011,0.466902885078843,0.583467979611133,0.471004929254201,0.542248597902005,0.502004398075352,0.426540672563301,0.564584497285165,0.221101113588862,0.551684488511539,0.335832258429396,0.318874440690765,0.401537096351671
"98",1,0.645974073397846,0.620209059233449,0.544454581741461,0.519905968603076,0.614411247803163,0.0831630915900578,0.481131305627545,0.687404802676361,0.211267842367191,0.22839116048691,0.0438429966050184,0.0665005623481442,0.0538803457073428,0.12685441898925,0.192277203513159,0.316665253278876,0.66986197323276,0.116553256459274,0.0942163234894304,0.13565507323983,0.127511003689098,0.66059441036537,0.717232517729167,0.823143243848113,0.710233680187796,0.77680894646515,0.886758905449861,0.694878652491577,0.65111905629019,0.296615563378621,0.691195325319281,0.779474627515217,0.841689611342234,0.365515081715229,0.561347627841211,0.30977246648523,0.54242644861013,0.408823267650434,0.711597737768323,0.373004064871487
"99",0.333333333333333,0.403962023005295,0.268292682926829,0.159149227347893,0.0919834249741015,0.052217098261795,0,0.021649803043176,0.0552978543518497,0.200843626010044,0.244600381333417,0.400485320191123,0.536750747559362,0.0856228395852004,0.625901201602136,0.717587413849096,0.281930757291909,0.0532949916127486,0.478949752872909,0.581744366136706,0.00409439214799247,0.00623880597014924,0.112002569955465,0.180773995342154,0.0239254525052447,0.120651735464167,0.190681003584229,0.0716925793909437,0.786588005939274,0.138897403374545,0.615372899752034,0.750231777771127,0.133268566140294,0.455754795014466,0.436188837231245,0.591474224180305,0.281126589452767,0.611095767784929,0.453025510696072,0.108778461345538,0.0501846162299432
"100",1,0.345627168157751,0.56794425087108,0.351810457889035,0.431086142322097,0.636835599505562,0,0,0,0.153982905543543,0.953885769573598,0.504892733411949,0.1763577063171,0,0,0.0714652172510942,0.548874582324781,0.63866985962658,0.0791495026601236,0.338612166677624,0.0570684374051461,0.0154468085106383,0.813304019628845,0.801962008410826,0.908277809505679,0.846649782481019,0.865299441555941,0.921031582610959,0.521706556660643,0.641580764425947,0.437836809295103,0.570492109535921,0.629984866078408,0.642412598588846,0.555710584988802,0.51477174415547,0.326117371464468,0.355816923375029,0.224748451417607,0.313112171468192,0.592587719277512
"101",1,0.41975534051488,0.59581881533101,0.404989450875292,0.393409833452865,0.650140213123948,0,0,0.0372608278271992,0.407598774572736,0.230450443938463,0.129849545482489,0.559025142457865,0,0,0.0137258740750013,0.650967278616881,0.592535754630518,0.155962760085091,0.140468820313118,0.0133514097851688,0.0238259626552309,0.772946471278862,0.814016710962878,0.858842425832717,0.943945895034274,0.879913839526117,0.921585721966644,0.646196621003582,0.504775080906457,0.445615387457925,0.374240110177516,0.591087787502189,0.45560695975496,0.36866758864233,0.604109304438447,0.435998004907505,0.409166110675854,0.371103368842201,0.276300420243682,0.55713101051553
"102",0.666666666666667,0.294321708964762,0.320557491289199,0.0967383246849518,0.192732488644514,0.576,0.404770359848485,0,0.0814995925020375,0.0783451582111667,0.139526536265667,0.354487398096723,0.671835410965846,0.0368064203680642,0.115440115440115,0.348174473174473,0.655501679078793,0.277507985841319,0.439076212471132,0.62057311991807,0,0,0.572239088753269,0.429087642513644,0.439619769290619,0.638968431561981,0.571538246789503,0.651609609319188,0.248582607071676,0.476687553348469,0.774575375790386,0.393001509591349,0.693129423688317,0.539540848337182,0.490377558456348,0.588395387472584,0.203252974642134,0.280193091255928,0.0573405818235758,0.491395427074841,0.274059563367034
"103",0.666666666666667,0.389811940843527,0.331010452961672,0.31970120317044,0.286652322894255,0.598503166378814,0,0.0544663945874961,0.0507141624875817,0.0579952230446913,0.157429672305902,0.220530810664914,0.757128384151551,0.15958404159584,0,0.152918886039324,0.487189234090689,0.587513257221286,0.350203513353126,0.155868066667678,0.149301305474097,0.170599990092634,0.724129192636527,0.723606684803731,0.662673501461451,0.798868002765455,0.828674698795181,0.790774038346134,0.55683358552636,0.283159460537004,0.683353034693872,0.59998302547971,0.368863913406799,0.491076302671807,0.2417619013655,0.607942962982226,0.34421686476599,0.499643977449009,0.394380308085806,0.226552060285007,0.292424277117316
"104",1,0.422128902683951,0.407665505226481,0.33785139989736,0.250362578691529,0.62030303030303,0,0.0276270593395329,0,0.0661245578095383,0.144820688804511,0.245457264637703,0.791620019122547,0.0586946238427602,0,0.0267640035081896,0.420430956278576,0.764394089975485,0.108105885646301,0.489901486963033,0.236634735058126,0.0917799254626998,0.6957356891387,0.797451385997493,0.729250611264424,0.794329961847491,0.912176466571058,0.865283485281471,0.793800941488143,0.258075718198884,0.519121089232195,0.8003516552053,0.345144096996816,0.639172025165935,0.636633620600546,0.32830366520649,0.480214997776655,0.494230287368326,0.50887787941467,0.246346269098212,0.436619954814679
"105",1,0.516706226036151,0.397212543554007,0.271448936534185,0.493696708901108,0.503802859750532,0,0.0443506392597302,0.168939599746446,0.422406519354333,0.0585913538957017,0.394040728831726,0.406343119038771,0,0,0.0601778921778922,0.441246840459935,0.739221272554606,0.0745819547600796,0.238002244046743,0.254579139405638,0.115594296076492,0.830072436141822,0.824241383027461,0.741955748788711,0.934410840949995,0.955357142857143,0.849191319881613,0.532345716762151,0.223781330203353,0.747472058762403,0.568088795346814,0.180880888499035,0.338636231926277,0.491518162340115,0.336047338061152,0.20839440276126,0.242283722652258,0.0242432720226047,0.393991775999767,0.510794461643843
"106",0.666666666666667,0.405331385795143,0.348432055749129,0.288846438957632,0.271256673838553,0.652406000389636,0,0,0,0.145734733322886,0.239001846248223,0.303795573248949,0.67198775459645,0,0.108843537414966,0.147649009553771,0.511425475770186,0.559444670555782,0.230244848087823,0.174896757453847,0.103154772251242,0.1020635579687,0.697909163536669,0.602173887663012,0.688696951001721,0.759377657679108,0.710580287127518,0.749324396200037,0.342291543173746,0.622615541368581,0.591059617023006,0.42486965140656,0.580298645832969,0.48980533826112,0.339260042825768,0.576141673776786,0.200716063794179,0.595278017885021,0.358759644501372,0.38737157104492,0.394968843632801
"107",0.666666666666667,0.433448968413365,0.268292682926829,0.194719735416548,0.135811618455654,0.47055737704918,0,0.0694656653054188,0.0258312267760695,0.00384762496712964,0.253014757288891,0.236138209166712,0.740808344198175,0.0282331088925006,0.369975786924939,0.229491961695352,0.493095901784538,0.372519194553093,0.267524577543886,0.201626250954648,0.148533472134013,0.13474879354216,0.587586647935217,0.576168199440089,0.508251089892749,0.731976796293835,0.68836322407751,0.653087294690503,0.547856259801735,0.285938751934293,0.688183305584408,0.439023294116654,0.373978408002333,0.362740278000078,0.330834697294191,0.550847651585763,0.394425024385964,0.494945480935136,0.433757940806499,0.403758894187918,0.16994281628095
"108",0.333333333333333,0.306189519810115,0.282229965156794,0.129121286422991,0.0564427444417882,0.550373895309313,0,0.372671963581055,0,0.0788837396735845,0.259489302967564,0.403440762765522,0.43683506726985,0.369810123234781,0.704541275969847,0.589722375436661,0.224543627607151,0.0726275726275726,0.482556000563106,0.300501417759203,0.105926740163206,0.0393234415249871,0.187608636379128,0.226321858242338,0.287884398284037,0.22974795736556,0.30275624461671,0.312257359645929,0.709075172264691,0.613950043167176,0.313911782585623,0.747525975609113,0.49256168393308,0.694993383991208,0.245178735694754,0.469099003534954,0.379543556881207,0.537592271455703,0.468013978634329,0.310400750584533,0.312959660546397
"109",0.333333333333333,0.320248311119226,0.181184668989547,0.0975822546615727,0.0988684357319308,0.597621225983532,0,0,0.108280098031126,0.219886413456022,0.10812556558174,0.355446534127578,0.601941343851916,0.122786442492518,0.610606445064704,0.68043277989992,0.283570383066598,0.0759666621123104,0.138090071397028,0.354651012721153,0.102630101946316,0.0616274040857,0.360704673354539,0.362267839687195,0.288861519703754,0.379868487607486,0.387469287469287,0.290545746498637,0.603984754314243,0.30018857743307,0.633921393667187,0.585924321303505,0.197738407853595,0.364566327412229,0.524818697610321,0.51115356637751,0.366736300456133,0.346490152738256,0.245707578694736,0.585777940407085,0.313951375854819
"110",1,0.351834946138397,0.418118466898955,0.17114101613731,0.134209897202964,0.962892483349191,0,0,0,0,0.191538922948919,0.225466753098451,0.838673043061503,0,0,0.160933582829444,0.574858201766463,0.551983841703468,0.412547820946948,0.339417830205962,0.0960925788015409,0.0979523809523809,0.634279786844567,0.76652329749104,0.758954732841854,0.761152446685268,0.809259259259259,0.862451552341896,0.87073675646633,0.395316677791833,0.355190041305724,0.644824803506924,0.622042906110916,0.697929440290752,0.320715344611814,0.581667940788014,0.753449106891907,0.228699344506373,0.372084430072501,0.335548714167598,0.444419555042387
"111",0.666666666666667,0.308563081979186,0.18815331010453,0.252814050293665,0.170953860865408,0.612473721093203,0,0.00824020960647339,0.037310796104979,0.0411154683385375,0.118786449372024,0.513700908871253,0.678603695039986,0.0674004275872991,0.146655656482246,0.335971314005996,0.543994796200729,0.357096981374438,0.337178941485365,0.174992412726746,0.0717842058539371,0.0491014492753623,0.523353202973719,0.530897690962802,0.771881376437802,0.566305928216329,0.63573883161512,0.822824171652312,0.598685550720392,0.971312210018007,0.12742384516759,0.710182853629833,0.991916082552246,1,0.263778666390647,0.544140911290812,0.380759778803955,0.56284361922041,0.497246848972055,0.292645700005535,0.368180383892314
"112",0.333333333333333,0.180573306554683,0.0975609756097561,0.0354564634772196,0,0.129577464788732,0,0.00557293300203243,0.138785076207535,0.125426356760119,0.031831410931931,0.763335629473388,0.484122210861851,0.247453597095334,0.948062102088685,0.551913747769885,0.225937044950412,0.00696658046149836,0.369079873435241,0.465003109396469,0.0343656927945563,0.0196427664242004,0.0594577820422988,0.123441407890173,0.0228079762804488,0.0808878916682775,0.130824372759857,0.0280032440179484,0.781773993734226,0.269667863404727,0.519605621825172,0.708045327932934,0.177322927095426,0.450823571819072,0.435579409908926,0.560912447981578,0.266353846950812,0.489476620900467,0.314774019947775,0.372017343192675,0.086255465711179
"113",0.666666666666667,0.329925141500822,0.348432055749129,0.213497177396362,0.168802295003586,0.628682751386183,0,0,0.23400052491263,0.042965145466281,0.142115431853825,0.435603438879503,0.592736144965327,0.0511725098676573,0.291525423728814,0.358231354841524,0.565195327578848,0.252205562798783,0.477590515338373,0.486181257369992,0.132319795757095,0.0391710691823899,0.521646735384527,0.482440225968701,0.539942921402682,0.540955167199597,0.500025402631713,0.537268265531477,0.492039492483761,0.573488712369619,0.512592044809542,0.461704953346745,0.572835888480113,0.514946182399433,0.373111744131227,0.423159257248661,0.325324582034998,0.521434882532533,0.400821542327262,0.165919118719272,0.457891428265706
"114",0,0.403962023005295,0.45993031358885,0.0626846096823858,0.0200892501394533,0.0457521757148777,0,0,0.0306695834941878,0.171253062133472,0.215551106025934,0.28053181587409,0.660532916740011,1,0.98796992481203,0.49102147260042,0,0.00937921727395411,0.444292479120188,0.546852440050735,0.00777285479939288,0.0238680014831294,0.0830048052845288,0.0260734034703741,0.00483203489365056,0.0890381958716688,0.0244153173991262,0,0.502687711206978,0.456372204870701,0.593457980009082,0.447126254468287,0.393840389766309,0.382721674839203,0.437291812954898,0.613835359728847,0.211815160137336,0.57758058023033,0.352327809085646,0.321978423284003,0.0104960108544487
"115",0.333333333333333,0.380500273872558,0.21602787456446,0.136311797912984,0.0463463224161288,0.321269841269841,0,0,0.0390994929760554,0.023573195541085,0.0271778201481574,0.024660426120143,0.98914085372842,0.142704732642001,0.502002670226969,0.670005452715733,0.287964151482431,0.130461698218708,0.177140535454623,0.4183805168091,0.12481031445494,0.0327908082408875,0.232068162158936,0.224063850447135,0.285053570867502,0.2681133561882,0.260851027543276,0.270037263268702,0.597121462063221,0.612967382211462,0.401265816156996,0.561867286232163,0.491031632221788,0.541971737298549,0.539936290435083,0.42576207311692,0.558117653278993,0.454432619435515,0.527595856826673,0.247724743177946,0.108838384917984
"116",0.333333333333333,0.462479459558152,0.0905923344947734,0.0740035353823345,0.0945812415331899,0.289194499017682,0,0,0,0.0722253634309455,0,0.178235855159096,0.916216070209558,0.183453020336733,0.258443465491924,0.836522488504868,0.176257130031724,0.22155703653501,0.661345965084219,0.551164213612311,0.0106293818748687,0.0118241590214067,0.3493541836659,0.252488760436737,0.275039979385037,0.424618405784165,0.376003532434168,0.417724112304219,0.380359082683953,0.524876454940783,0.635971685951439,0.454349957119704,0.583360803583984,0.515997859136542,0.286839893639607,0.58926302541666,0.325112908908343,0.318230054669753,0.183884766971764,0.360415982193682,0.179115491229496
"117",0.333333333333333,0.45243746576593,0.296167247386759,0.0742772424017791,0.108175950274922,0.137655860349127,0,0,0.0622875297534182,0.184011311496638,0.0128283507288794,0.116983023891021,0.825207266570952,0.151557383550313,0.293040293040293,0.62279365505172,0.432468326768732,0.146416124083618,0.382321140950549,0.555259962222036,0.0233864072704926,0.0481489528283421,0.177518806800887,0.211303622896288,0.159648573359487,0.230605991895302,0.2156337668962,0.236317864368311,0.698988488279595,0.366639686531265,0.509870723190211,0.54761155242611,0.52232090213127,0.551328132812884,0.486706482953896,0.626374542656299,0.445477390284547,0.216856238331152,0.154280714702602,0.150382975977848,0.122969286021457
"118",0.333333333333333,0.49388351287201,0.125435540069686,0.0946170952842561,0.0522193003426568,0.030403172504957,0,0,0,0.437804755188394,0,0.428469032307457,0.536040107235759,0.0272667971298108,1,0.747964546178832,0.038224727667587,0.0629375254375254,0.883303517322543,0.888257731969379,0.0131116785894228,0,0.0163492295389536,0.0291644561762181,0.0110076257287539,0.0198378918538806,0.0419173686321701,0.026800960557038,0.669860910095806,0.462779885166604,0.459259226341442,0.650071337809334,0.419989300434395,0.566439668281988,0.355922237719954,0.565696560662613,0.413735540129875,0.418760194736698,0.363935568509527,0.306730647766919,0.00737509044283478
"119",0.333333333333333,0.404418477268578,0,0.158539088783714,0.0923818630966611,0.126179911254538,0,0,0,0.343954353122195,0.486838060964932,0.240665177951035,0.430320807726367,0.0248249392646428,0.625079838194592,0.810846294452852,0.253564684498783,0.028328684066389,0.669359494270735,0.830824245427307,0.00669292314691883,0.0180252258394409,0.093824356787045,0.0945587758234629,0.0132044989460403,0.112710194384746,0.0885454991415256,0.0323348541711937,0.633215770156118,0.31565097815805,0.599544598966534,0.536968083187514,0.306365000901339,0.397486990988766,0.468580278086403,0.60618330180562,0.723382650681373,0.298510026787771,0.449949865105144,0.363959208678694,0.0418310334558004
"120",1,0.364798247215629,0.222996515679443,0.195267149455437,0.271073392302175,0.527004909983633,0,0,0,0.0444708658582232,0.0658689868176034,0.0581524098039737,0.959764872808351,0,0,0.0788462606644425,0.587698710963192,0.600017266683933,0.571152397223598,0.358707308651642,0.0180050015184288,0.0351165311653116,0.706836671884474,0.71917113089503,0.677381721338355,0.781570325655458,0.819095977698128,0.770343027941172,0.588233741073853,0.325835337439695,0.626593952094964,0.619017835554311,0.338516081120586,0.486265068147479,0.221592328177721,0.614452618664267,0.8457249262074,0.0462393553343151,0.158920963469419,0.138247721104676,0.351826005768142
"121",0.333333333333333,0,0.0452961672473868,0.110309631065747,0.0692326081759503,0.256914893617021,0,0,0.042482017555069,0.243620351577282,0.340451912880333,0.392765833492051,0.478946080430704,0.0580401890124576,0.778894972623196,0.825035986708461,0.170536701883814,0,0.497512663177895,0.600989374615659,0.0911318724395882,0.0543193948665647,0.185351202440046,0.109543712991989,0.0697606600519222,0.232409551952719,0.142284918146987,0.104931949433779,0.447611964517318,0.405292598891537,0.674925927477336,0.37675293134222,0.359678247488885,0.302151270725148,0.435970925116356,0.519149772736454,0.431245798341785,0.407494551832504,0.365304946944987,0.441031772470358,0.153308535086344
"122",0.333333333333333,0.0167975168888077,0.219512195121951,0.0880595312767292,0.0877201370627142,1,0,0.0144446563016939,0,0.0423796373191091,0.185725118280948,0.261338729512567,0.785776546566012,0.0705827722312515,0.714180440046321,0.867591562506817,0.169884548683284,0,0.500930202720041,0.598952434390979,0.0806512602381344,0.0368134507606085,0.273952382889453,0.368477431788456,0.231898449852965,0.307885648752624,0.495033726187829,0.3264464615312,0.826558055643712,0.160399535223586,0.568093399493367,1,0,0.570673103567447,0.432191579513453,0.508765316358561,0.714755416654309,0.155111731589314,0.243920049870164,0.227345294112669,0.421654876414963
"123",0.333333333333333,0.237721380317692,0.174216027874564,0.153908878371443,0.0354609929078014,0.190017211703959,0,0.365227306345269,0.275945374467147,0.0794782925376451,0.16120352548856,0.14781146439452,0.459721073649339,0.27033562143421,0.886943836615609,0.633510659768865,0.134536012251731,0.0519927434588266,0.610877690902177,0.589026053950786,0.0335237166050077,0.0797619261253178,0.139300544806116,0.183415345361764,0.249069757495402,0.14595089624431,0.232580037664783,0.300919718719306,0.727053933873696,0.628236625559899,0.289134207146996,0.785740293530498,0.655195234921476,0.83557206268248,0.347865517459775,0.660342714483538,1,0.287332719301349,0.631105694242552,0.220567476547271,0.177211131544364
"124",0.666666666666667,0.443125798794961,0.289198606271777,0.206221132462793,0.0857120089250139,0.184425597532768,0,0.125811287557116,0.0195640870319397,0.0242843253167147,0.0871039250790325,0.0894233269630039,0.860585062460376,0.277981957901771,0.372638914359068,0.468446990911689,0.258516363772774,0.329416411573023,0.34346908807736,0.400998647489825,0.208015719351453,0.195126713353684,0.253414888674559,0.334023570401907,0.407105339497219,0.31024474627307,0.401861252115059,0.420798512695612,0.797148681828786,0.626043018532915,0.236578436164059,0.782803684654065,0.520365725947103,0.742559222340987,0.410782868417893,0.54626682004101,0.376833769224698,0.676634561056692,0.61985502483778,0.29367513023997,0.0883415138059425
"125",0.666666666666667,0.394193901771043,0.533101045296167,0.189604835490677,0.263184317475496,0.332186177715092,0,0.00558253548684171,0.0213451313695812,0.037929803351821,0.0801711636951911,0.628253713060787,0.655538651534075,0.0600130463144162,0.372359470103831,0.374525438435213,0.213486404184278,0.497991774307564,0.510913787431148,0.157706898976275,0.365472430738411,0.280062263129399,0.60939659143252,0.553705239571057,0.536336774243064,0.716351818366302,0.719891745602165,0.716932136719949,0.444131043658216,0.399946700959578,0.681685945358212,0.547484935366413,0.464396109034199,0.512297599258336,0.12945750626343,0.412093546174653,0.263231072120605,0.338857771491041,0.159184541291992,0.273589303599953,0.328606875291983
"126",0.333333333333333,0.184407522366259,0.480836236933798,0.111016707532645,0.166459478842936,0.0377358490566038,0,0,0,0.182212983071549,0.0880819856384323,0.171675108215938,0.794803922611441,0.44462977600468,0.453819692347634,0.541655045062587,0.317884413903855,0.136022087862161,0.495266441466617,0.245645065076446,0.683210859134679,0.794602091175241,0.384459508960512,0.359098654445032,0.434934792713623,0.505204161828894,0.444296755772166,0.498749214679021,0.539681978856138,0.629017976968042,0.4334890620853,0.419431627998341,0.619855040152231,0.511936248508469,0.199439685232936,0.700542646411924,0.291080121680061,0.299382094097211,0.139222976594247,0.129849082111515,0.0954225635371599
"127",0.666666666666667,0.445864524374658,0.442508710801394,0.243924274391287,0.406598135309586,0.472552166934189,0,0.0192642738097284,0.155877148542185,0.513328631875882,0.591211445559272,0.498256133947452,0.0233023993893559,0,0.318146718146718,0.509498881120503,0.313029526575104,0.360691460691461,0.0528582920310351,0.373232712275551,0.286004874789539,0.191153861830039,0.752736373039375,0.592029364226745,0.670113952944189,0.840035610158882,0.672667266726673,0.682131775207127,0.187410414577488,0.605293646657356,0.724052965694436,0.148543011244974,0.498231527181845,0.208433578973474,0.597483887070994,0.404778333831102,0,0.477925181802773,0.0709403467314922,0.110901518569506,0.420748148151929
"128",0.333333333333333,0.359138214350922,0.163763066202091,0.196185208416491,0.222455972587457,0.811477151965993,0,0,0.0416168131925298,0.117822661388667,0.389049356440661,0.464445975109928,0.504897584684819,0.167139185501179,0.176844432163581,0.70264793669049,0.409219703558193,0.164877085089851,0.298433398044273,0.129323048880817,0.22883330913652,0.0768932928643695,0.433685616461673,0.349412631458272,0.350018048595257,0.467760056270314,0.381310755722797,0.405761275395182,0.399302741718796,0.464649314487871,0.667138392608262,0.364666600873642,0.535386676307956,0.410336896523685,0.260547853613316,0.317549561546418,0.10332579889799,0.572507811838812,0.244263771676008,0.558823785300668,0.37748158058042
"129",0.666666666666667,0.0911082709512507,0.466898954703833,0.108872669213663,0.250171328392701,0.601390820584145,0,0,0.0108732021530917,0.0881057118003731,0.576079688848956,0.91529212871876,0.216398168411246,0,0.19544312570389,0.436587674913933,0.530290413947918,0.290344316420726,0.0776067714439587,1,0.274907254994982,0.113205959843736,0.45154145429377,0.457512642298012,0.428952700581611,0.46688646101735,0.532689095681222,0.51037572527416,0.603464997870821,0.387158303897198,0.568156113489193,0.710569207013092,0.407619997599876,0.607655055397319,1,0.296963346175056,0.658294560093608,0,0.00122150896561039,0.423044512370422,0.348059418372624
"130",0.333333333333333,0.403962023005295,0.0905923344947734,0.163380281690141,0.0367997449996016,0,0.0475935307872174,0.10277782870428,0.245959799039664,0.143908571127042,0.0755527865900972,0.641670822755148,0.384279980640413,0.103866152745598,0.447166239839662,1,0.209501811600226,0,0.717708782060794,0.417257321866996,0.0702391640253615,0.0766776556776557,0,0.00576804166928671,0,0,0.00540123456790123,0.00850826214393784,0.655661957861987,0.492923982524593,0.447309508699353,0.613910634337095,0.470129408721795,0.570531320709425,0.157289663379283,0.591754989773095,0.606411875187416,0.524264927792814,0.659683681743743,0.233133641399212,0.000618508315232806
"131",0.333333333333333,0.671718093846997,0.0522648083623693,0.180908935393739,0.125810821579409,0,0,0.888219916026301,0.172651556927591,0.0748127285060841,0.137764398320526,0.139134581314718,0.231045354293462,0.184416573790613,0.530822421656613,0.709974723877916,0.210540622751689,0.141316116084396,0.138918364091574,0.583700557674558,0.0752018507625848,0.134804333970682,0,0,0.224324122479462,0,0,0.19355513498248,0.64247963269982,1,0.0717191927208202,0.601642209483671,1,0.916573494945986,0.677720861056122,0.677889243737084,0.385050457426231,0.491476808674923,0.421581652677707,0.68334437600515,0
"132",0.666666666666667,0.56801168522914,0.449477351916376,0.403911729486229,0.258984779663718,0.345086271567892,0.176089729370009,0.230846510914269,0,0.0308856970150543,0.018922386462219,0.0824144001232536,0.833726539910715,0.011085315603311,0.105463303333756,0.295960049287467,0.488280639421665,0.471207881145769,0.352721263456742,0.500241983884131,0.852344057467906,0.811815602836879,0.562781393448738,0.549725900571249,0.619555901092233,0.747480605037465,0.653924020483506,0.727614659433726,0.547007870784647,0.592335024967428,0.45573053949135,0.324236042598334,0.676659416476112,0.472176296576467,0.470749996645124,0.43579253088812,0.684411036407064,0.453657791895337,0.634090814041877,0.249828070657873,0.15195433726211
"133",0.333333333333333,0.505020996896111,0.170731707317073,0.12229001539602,0.19257311339549,0.173329408301442,0,0,0.0503379836041996,0.122407284493487,0.343416706907755,0.354173831181113,0.576564633150311,0.598490953043733,0.689075630252101,0.364240290710879,0.0328613905285901,0.34227455550985,0.874619479262484,0.425299515914816,0.442554434307065,0.213693171360206,0.202182526157936,0.193756656515091,0.182014666685081,0.328364024115162,0.334957086522849,0.251056031650562,0.599643456643762,0.456636671759006,0.518252650073473,0.588107257482571,0.23315638659292,0.39015518113039,0.0518264522362856,0.170492045429857,0.22807654008639,0.326806318227537,0.120779580519406,0.289068163703078,0.0632784581242609
"134",1,0.500456454263283,0.54006968641115,0.374379882534071,0.351701330783329,0.448343079922027,0,0,0,0.00979546377823727,0.090973868306076,0.15029292708561,0.924200769916262,0,0.0517799352750809,0.0427501010025282,0.340641289387202,0.811246646198102,0.192577286171549,0.149520191831038,0.319910551697235,0.265682698730795,0.563932392303624,0.666666666666667,0.645753252757414,0.849429732243379,0.904522169228052,0.875791631852893,0.811500426860587,0.378240355483585,0.414006571903041,0.653027272841241,0.395564815323627,0.552445756461512,0.348865983645227,0.467536357914916,0.321029328945539,0.509656142950554,0.384399003498968,0.229256853488419,0.302405187458682
"135",1,0.575862698557605,0.181184668989547,0.37314820094657,0.23257630090047,0.364047484454494,0,0,0,0.268466021496367,0.291122590519922,0.188102893890675,0.615849126718692,0,0.0245167373880245,0.231607137547732,0.479259869337171,0.57049166455107,0.195462135286046,0.653792540095056,0.187175663599582,0.156231050705698,0.498795758845783,0.553428026988664,0.5582373748777,0.576561523699009,0.625125577657223,0.620232206182444,0.709164335666309,0.448787747712199,0.439499783765058,0.661890663155729,0.457536446629818,0.601348408433684,0.68474352941242,0.518958983286613,0.752479100243203,0.41088045252536,0.631056076551354,0.298767764492236,0.195133775228742
"136",0.666666666666667,0.450611648712799,0.209059233449477,0.292016878599532,0.327524105506415,0.711466666666667,0,0.0772108579717163,0.0378225018795088,0.166525676551521,0.427748519389985,0.369473358093765,0.453836365739593,0,0.218928164196123,0.305956306526432,0.405993223857542,0.478871249110702,0.099198699854589,0.215803466044988,0.570051072919701,0.309282511210762,0.546454386545094,0.569430587887522,0.575856880503001,0.651620436168678,0.669243986254295,0.668694116471815,0.631259116461403,0.450376344166576,0.498557964901681,0.585094996181177,0.470311370702592,0.547063071693927,0.459251708875008,0.105547248108251,0.288436854652719,0.424464855675725,0.266885534183506,0.399483780776112,0.280737080089923
"137",0.666666666666667,0.499543545736717,0.181184668989547,0.363425899526715,0.291489361702128,0.425518341307815,0,0.0651363827247995,0.390119894483208,0.108005857795029,0.0708657521008526,0.282927416262988,0.532005437329538,0.0706749168425194,0.283476314807907,0.324783567603411,0.286304461734012,0.514401225889477,0.167775665982789,0.159714631788981,0.666730662288483,0.530980549966465,0.671920765864662,0.489394425720858,0.443013406880327,0.813657358426688,0.618598185542874,0.543438411776068,0.146969510885917,0.344014814944147,0.954121009510919,0.0879360661953337,0.261906157326253,0,0.373218874237112,0.299464564908667,0.569196308615381,0.406056551189123,0.475528952492529,0.304210306459291,0.377526110058769
"138",0.666666666666667,0.659119956180391,0.588850174216028,0.273878086331756,0.307315323930194,0.555757679766604,0,0,0.324794640144957,0.124253883604004,0.256020890176445,0.165059880825006,0.555846450229406,0.397986265665354,0.260146456497456,0.256075797778665,0.237076811006204,0.524861324600682,0.0703285507075778,0.330606390055512,0.334011527941959,0.188652482269504,0.527141276419114,0.543955936877287,0.545792090930618,0.63929735789848,0.591627649398379,0.576646630432373,0.619429885729644,0.443410575211482,0.51300857528057,0.437857117975399,0.428943152262439,0.398723213925408,0.556577588267328,0.317593272345317,0.299625922490701,0.412591543908402,0.263722583582135,0.231344477825452,0.339564802738593
"139",0.666666666666667,0.368084717911265,0.529616724738676,0.343120260021668,0.329572077456371,0.236521739130435,0,0,0.0574906945104553,0.293581238640893,0.147635292882309,0.11083453079793,0.681259955809054,0,0.285828800458059,0.484446886050093,0.463632132004769,0.266176798040526,0.0747010569421585,0.209953642345798,0.781654870964953,0.573297610843097,0.613367584410564,0.67238885744828,0.710908421291834,0.810169858189951,0.87037037037037,0.877213658040049,0.705833007521211,0.50833070105081,0.396776049546786,0.668038586829206,0.494022279826587,0.630900907341297,0.472638502452001,0.16947036444442,0.284921921544569,0.520290074579667,0.362960807292525,0.308848218715363,0.265262302775097
"140",0.666666666666667,0.574219463209786,0.205574912891986,0.251359981752865,0.267136823651287,0.20011448196909,0,0,0.0156729985580841,0.339985649047708,0.276228648720288,0.424400760011692,0.446659806191579,0.214771529840023,0.25974025974026,0.58023733023733,0.227833633207505,0.352048592433208,0.409460978525597,0.227388783320772,0.187055217291479,0.189783984181908,0.201557811888507,0.368279569892473,0.357406491579687,0.29711945999686,0.365836424659954,0.377510362606301,1,0.437066062392161,0.22342980905812,0.73192902469477,0.499592177884567,0.686949273756604,0.247824835220779,0.573846733261849,0.0731358940923763,0.65480097374699,0.285950433148463,0.347744225860672,0.114248426247858
"141",0.333333333333333,0.321891546467044,0.766550522648084,0.133221189485089,0.105697665152602,0.632197284566362,0,0.037637094088707,0.829705912914368,0.0836902757827277,0.300034506556246,0.163751290371973,0.241231224751561,0.324642804536751,0.530173359666447,0.833220646584702,0.18208682173186,0.0374112148305697,0.21189371110757,0.373581096321937,0.232664769767977,0.482511803213648,0.467634455514185,0.410683315990288,0.221515865876733,0.516261996028122,0.451999437767939,0.35288376792202,0.457784990640177,0.0394722786057412,0.945375591288469,0.410850590994138,0.192645290757066,0.217815814466952,0.485363965458696,0.971929103473504,0.496712044501001,0.339211443444899,0.335821407698792,0.500461972925705,0.356937132227705
